"index","original_content","translated_content"
"29","September 7","September 7"
"31","Fey ＆ Co. Law Offices","Fey ＆ Co. Law Offices"
"41","Looks like forensics is","Looks like forensics is"
"43","taking the day off today.","taking the day off today."
"45","Detective Gumshoe's","Detective Gumshoe's"
"47","nowhere in sight.","nowhere in sight."
"49","The police really gave","The police really gave"
"51","this place a working over.","this place a working over."
"53","I doubt there are any","I doubt there are any"
"55","valuable clues left.","valuable clues left."
"57","Suppose it can't hurt to","Suppose it can't hurt to"
"59","take a look around,","take a look around,"
"61"," though."," though."
"70","Mia's favorite potted plant.","Mia's favorite potted plant."
"72","I guess I'll have to","I guess I'll have to"
"74","water it now...","water it now..."
"83","You couldn't cram more legal","You couldn't cram more legal"
"85","books in here,","books in here,"
"87"," even if you"," even if you"
"89","wanted to.","wanted to."
"91","All the cases that the chief","All the cases that the chief"
"93","worked on are filed here.","worked on are filed here."
"95","Hmm.","Hmm."
"97"," Are some of the files"," Are some of the files"
"99","missing...?","missing...?"
"101","Nah,","Nah,"
"103"," I'm imagining things."," I'm imagining things."
"112","The sky is blue,","The sky is blue,"
"114"," and so am I..."," and so am I..."
"116","There's that hotel,","There's that hotel,"
"119","right across the way.","right across the way."
"128","Mia's desk.","Mia's desk."
"130","Perfectly clean,","Perfectly clean,"
"132"," as always."," as always."
"134","The only thing it's","The only thing it's"
"136","missing is...","missing is..."
"138"," Mia."," Mia."
"147","An old movie poster.","An old movie poster."
"149","Apparently,","Apparently,"
"151"," this was the"," this was the"
"153","first movie that made Mia","first movie that made Mia"
"155","cry when she saw it.","cry when she saw it."
"157","I'll have to check it","I'll have to check it"
"159","out one of these days.","out one of these days."
"169","No clues here.","No clues here."
"178","It's funny,","It's funny,"
"180"," looking at "," looking at "
"182","this room,","this room,"
"184"," it seems..."," it seems..."
"187","so normal.","so normal."
"189","Hard to imagine a murder took","Hard to imagine a murder took"
"191","place here.","place here."
"193","Mr. Grossberg said there","Mr. Grossberg said there"
"195","would be clues...","would be clues..."
"197","Maybe I should have","Maybe I should have"
"199","another look.","another look."
"209","Mia's favorite potted plant.","Mia's favorite potted plant."
"211","I guess I'll have to","I guess I'll have to"
"213","water it now...","water it now..."
"223","All the cases the chief","All the cases the chief"
"225","ever worked on are filed","ever worked on are filed"
"227","here.","here."
"229","They're in alphabetical order.","They're in alphabetical order."
"232","Let's take a look...","Let's take a look..."
"234","Which file should","Which file should"
"236","I look at...?","I look at...?"
"246","Let's see if there's","Let's see if there's"
"248","""A"" record in this file","""A"" record in this file"
"250","that catches my ""I.""","that catches my ""I."""
"252","""A""...","""A""..."
"254"," ""B""..."," ""B""..."
"256"," ""F""!"," ""F""!"
"260","""Misty Fey.""","""Misty Fey."""
"263","That's Mia and Maya's mother.","That's Mia and Maya's mother."
"265","Hmmm...","Hmmm..."
"267"," Should I take a look?"," Should I take a look?"
"276","I don't think it has","I don't think it has"
"278","much to do with the","much to do with the"
"280","current case.","current case."
"282","I'd be interested to know","I'd be interested to know"
"284","what it contains...","what it contains..."
"286"," but I'll"," but I'll"
"288","leave it alone for now.","leave it alone for now."
"298","""'I have tarnished the Fey","""'I have tarnished the Fey"
"300","name.' Leaving only these","name.' Leaving only these"
"302","words,","words,"
"304"," my mother vanished."""," my mother vanished."""
"306","""I was determined to find the","""I was determined to find the"
"308","ones who had made my mother","ones who had made my mother"
"310","blame herself in this way.""","blame herself in this way."""
"312","""Using the ","""Using the "
"314","power that","power that"
"316","runs in my family,","runs in my family,"
"318"," I held"," I held"
"320","an audience with the dead.""","an audience with the dead."""
"322","""Finally,","""Finally,"
"324"," the names of"," the names of"
"327","two men","two men"
"330"," surfaced."""," surfaced."""
"332","""One was ","""One was "
"334","Marvin Grossberg","Marvin Grossberg"
"337",",",","
"340","a lawyer who sold my mother's","a lawyer who sold my mother's"
"342","information for riches.""","information for riches."""
"344","""The other was the man","""The other was the man"
"346","who sold that information","who sold that information"
"348","to the press.""","to the press."""
"350","""This ","""This "
"352","parasite","parasite"
"354",",",","
"356"," who makes"," who makes"
"358","his fortune on threats and","his fortune on threats and"
"360","coercion...""","coercion..."""
"362","""His name is...""","""His name is..."""
"368","Hmm.","Hmm."
"370"," The record stops there."," The record stops there."
"372","...","..."
"374","So Mia knew Grossberg...","So Mia knew Grossberg..."
"384","""T""...","""T""..."
"386"," ""U""..."," ""U""..."
"389","I know,","I know,"
"391"," ""W""!"," ""W""!"
"393"," ""White""!"," ""White""!"
"396","...","..."
"403","!","!"
"408","The entire ""W"" section","The entire ""W"" section"
"410","is missing!","is missing!"
"412","Was it taken...?","Was it taken...?"
"422","Let's see...","Let's see..."
"424"," ""J"" "," ""J"" "
"426","through ""S""...","through ""S""..."
"428"," "," "
"430","Nothing much in here.","Nothing much in here."
"432","Maybe I'll just","Maybe I'll just"
"434","skim some of this?","skim some of this?"
"443","Nah...","Nah..."
"445"," this is taking"," this is taking"
"447","too long.","too long."
"449"," Later."," Later."
"451","*yawn*","*yawn*"
"454","I've never been good at","I've never been good at"
"456","reading these things.","reading these things."
"465","*sigh*","*sigh*"
"467","Well,","Well,"
"469"," no harm in flipping"," no harm in flipping"
"471","through a bit,","through a bit,"
"473"," I guess..."," I guess..."
"475","The biggest part's here","The biggest part's here"
"478","at the end in ""S""...","at the end in ""S""..."
"483","""Suicide""?","""Suicide""?"
"485"," Eww..."," Eww..."
"487","She has a collection of","She has a collection of"
"489","suicide reports.","suicide reports."
"491"," There's"," There's"
"493","politicians...","politicians..."
"495"," policemen..."," policemen..."
"499","...","..."
"504","...!","...!"
"507","There's writing on most","There's writing on most"
"509","of these in pencil.","of these in pencil."
"514","""White""...?","""White""...?"
"517","This is Mia's handwriting.","This is Mia's handwriting."
"519","Wait,","Wait,"
"521"," I get it!"," I get it!"
"524","Mia thought he was involved","Mia thought he was involved"
"526","in these ""suicides""!","in these ""suicides""!"
"528","White drove them all to...","White drove them all to..."
"531","...","..."
"538","I can use these","I can use these"
"540","newspaper clippings.","newspaper clippings."
"542","Hmm...","Hmm..."
"544"," let's find the"," let's find the"
"546","most disturbing one...","most disturbing one..."
"554","Newspaper Clipping added","Newspaper Clipping added"
"556","to the Court Record.","to the Court Record."
"567","Shall I check Mia's","Shall I check Mia's"
"569","files once more?","files once more?"
"578","Which file to check?","Which file to check?"
"588","I don't see much point","I don't see much point"
"590","in checking files that","in checking files that"
"592","are missing all the key parts.","are missing all the key parts."
"594","Argh.","Argh."
"597","I give up.","I give up."
"605","Hmm...","Hmm..."
"607"," not much in the"," not much in the"
"609","""J-S"" section.","""J-S"" section."
"611","I'm not sure reading suicide","I'm not sure reading suicide"
"613","accounts will be very good","accounts will be very good"
"615","for my mood...","for my mood..."
"617","I think that's enough","I think that's enough"
"619","reading for today.","reading for today."
"626","Let's see if there's","Let's see if there's"
"628","anything else interesting","anything else interesting"
"630","in the first file...","in the first file..."
"632","Right,","Right,"
"634"," the ""DL-6 incident""!"," the ""DL-6 incident""!"
"637","Wait...","Wait..."
"639","The entire ""D"" file","The entire ""D"" file"
"641","is missing!","is missing!"
"643","I'll bet someone","I'll bet someone"
"645","""borrowed"" this.","""borrowed"" this."
"654","The sky is blue,","The sky is blue,"
"657","and so am I...","and so am I..."
"659","There's that hotel,","There's that hotel,"
"662","right across the way.","right across the way."
"671","Mia's desk.","Mia's desk."
"673","Perfectly clean,","Perfectly clean,"
"675"," as always."," as always."
"677","The only thing it's","The only thing it's"
"679","missing is...","missing is..."
"681"," Mia."," Mia."
"690","An old movie poster.","An old movie poster."
"692","Apparently,","Apparently,"
"694"," this was the"," this was the"
"696","first movie that made Mia","first movie that made Mia"
"698","cry when she saw it.","cry when she saw it."
"700","I'll have to check it","I'll have to check it"
"702","out one of these days.","out one of these days."
"712","No clues here.","No clues here."
"728","September 7, 3:11 PM","September 7, 3:11 PM"
"730","Detention Center","Detention Center"
"732","Visitor's Room","Visitor's Room"
"753","Well hello!","Well hello!"
"755","I didn't expect anyone to","I didn't expect anyone to"
"757","visit me in such a dank","visit me in such a dank"
"759","place as this...","place as this..."
"761","It's really quite...","It's really quite..."
"763"," moving."," moving."
"771","Not!","Not!"
"773"," You stinking lawyer!"," You stinking lawyer!"
"776","I hope you die!","I hope you die!"
"783","Have you come to laugh?","Have you come to laugh?"
"786","Yes,","Yes,"
"788"," laugh at the fallen"," laugh at the fallen"
"790","Miss May!","Miss May!"
"797","No,","No,"
"799"," not really,"," not really,"
"801"," there's"," there's"
"803","something I wanted to ask.","something I wanted to ask."
"807","Unfortunately,","Unfortunately,"
"809"," there is"," there is"
"811","nothing I want to BE asked.","nothing I want to BE asked."
"815","Haven't you done enough","Haven't you done enough"
"817","questioning,","questioning,"
"819"," you..."," you..."
"821","!","!"
"827","Spiky-head!","Spiky-head!"
"834","(Here we go again...)","(Here we go again...)"
"838","Please,","Please,"
"840"," you're scaring"," you're scaring"
"842","the security guard.","the security guard."
"846","...","..."
"852","So?","So?"
"854"," What is it you wish"," What is it you wish"
"856","to ask of me,","to ask of me,"
"858"," then?"," then?"
"860"," Hmm?"," Hmm?"
"866","(For starters,","(For starters,"
"868"," how did you"," how did you"
"870","get to be so totally","get to be so totally"
"872","whacked!?)","whacked!?)"
"884","This guard monitors","This guard monitors"
"886","the visitor's room.","the visitor's room."
"888","He hasn't moved an inch.","He hasn't moved an inch."
"891","A real pro,","A real pro,"
"893"," this guy."," this guy."
"895","Or maybe he just doesn't","Or maybe he just doesn't"
"897","get to see a lot of women","get to see a lot of women"
"899","like Miss May in here.","like Miss May in here."
"907","Smile for the camera...","Smile for the camera..."
"915","No clues here.","No clues here."
"924","About the man who stayed","About the man who stayed"
"926","with you in your hotel room...","with you in your hotel room..."
"930","...","..."
"933","Can you tell me about him?","Can you tell me about him?"
"935","Where is he?","Where is he?"
"939","C'mon...","C'mon..."
"943","No way,","No way,"
"945"," Jose."," Jose."
"951","(Hmm...","(Hmm..."
"953"," maybe if I had"," maybe if I had"
"955","something to get her","something to get her"
"957","to talk...)","to talk...)"
"968","Why did you place a","Why did you place a"
"970","wiretap on Mia's phone?","wiretap on Mia's phone?"
"976","Aww,","Aww,"
"978"," when you say it like"," when you say it like"
"980","that it sounds so...","that it sounds so..."
"982"," cold."," cold."
"985","So criminal!","So criminal!"
"989","Um...","Um..."
"991"," tapping people's"," tapping people's"
"993","phones is a crime,","phones is a crime,"
"995"," Miss May."," Miss May."
"999","Oh,","Oh,"
"1001"," and I suppose you learned"," and I suppose you learned"
"1003","that in Lawyer School,","that in Lawyer School,"
"1005"," hmm?"," hmm?"
"1008","Creep!","Creep!"
"1014","(This woman is impossible","(This woman is impossible"
"1016","to talk to...)","to talk to...)"
"1027","Say...","Say..."
"1029","Why are you so...","Why are you so..."
"1031"," angry?"," angry?"
"1033","I mean,","I mean,"
"1035"," you don't look"," you don't look"
"1038","like a bad person...","like a bad person..."
"1046","Ooh,","Ooh,"
"1048"," that does it!"," that does it!"
"1055","Bottom-","Bottom-"
"1057","feeding,","feeding,"
"1059"," scum-sucking"," scum-sucking"
"1061","lawyer!","lawyer!"
"1067","B-","B-"
"1069","bottom...?","bottom...?"
"1073","(I can't tell,","(I can't tell,"
"1075"," does she have"," does she have"
"1077","a thing against lawyers...","a thing against lawyers..."
"1080","or just against me?)","or just against me?)"
"1091","Hey,","Hey,"
"1093"," guess what."," guess what."
"1095","Actually,","Actually,"
"1097"," I,"," I,"
"1099"," um,"," um,"
"1102","really hate your guts.","really hate your guts."
"1104","So get lost.","So get lost."
"1106"," Because,"," Because,"
"1109","well,","well,"
"1111"," I'm not cooperating."," I'm not cooperating."
"1116","(Thanks,","(Thanks,"
"1118"," I noticed.)"," I noticed.)"
"1135","YOU AGAIN!?","YOU AGAIN!?"
"1138","Can't you take a hint","Can't you take a hint"
"1140","and stay gone?","and stay gone?"
"1147","Hey,","Hey,"
"1149"," the only reason I'm"," the only reason I'm"
"1151","back here is because YOU","back here is because YOU"
"1153","won't talk to me!","won't talk to me!"
"1157","Oh,","Oh,"
"1159"," so it's "," so it's "
"1161","MY fault now?","MY fault now?"
"1163","You don't just have spiky","You don't just have spiky"
"1165","hair,","hair,"
"1167"," you also have a"," you also have a"
"1169","spiky heart!","spiky heart!"
"1174","(That does it.","(That does it."
"1176"," When this case"," When this case"
"1178","is done I'm shaving my head.)","is done I'm shaving my head.)"
"1188","This guard monitors","This guard monitors"
"1190","the visitor's room.","the visitor's room."
"1192","He hasn't moved an inch.","He hasn't moved an inch."
"1195","A real pro,","A real pro,"
"1197"," this guy."," this guy."
"1199","Or maybe he just doesn't","Or maybe he just doesn't"
"1201","get to see a lot of women","get to see a lot of women"
"1203","like Miss May in here.","like Miss May in here."
"1211","Smile for the camera...","Smile for the camera..."
"1220","No clues here.","No clues here."
"1229","About the man who stayed","About the man who stayed"
"1231","with you in your hotel room...","with you in your hotel room..."
"1233","Can you tell me about him?","Can you tell me about him?"
"1236","Where is he?","Where is he?"
"1243","I'm not telling!","I'm not telling!"
"1249","Look,","Look,"
"1251"," he's being accused of"," he's being accused of"
"1253","murder!","murder!"
"1256"," I don't think you"," I don't think you"
"1258","want to be protecting him.","want to be protecting him."
"1262","Hmm.","Hmm."
"1264"," Would you have sold"," Would you have sold"
"1266","out the late Ms. Fey to","out the late Ms. Fey to"
"1268","the cops?","the cops?"
"1272","No.","No."
"1276","See?","See?"
"1283","(Damn!)","(Damn!)"
"1286","(Hmm...","(Hmm..."
"1288"," maybe if I had"," maybe if I had"
"1290","something to get her","something to get her"
"1292","to talk...)","to talk...)"
"1303","Why did you place a","Why did you place a"
"1305","wiretap on Mia's phone?","wiretap on Mia's phone?"
"1311","Aww,","Aww,"
"1313"," when you say it like"," when you say it like"
"1315","that it sounds so...","that it sounds so..."
"1317"," cold."," cold."
"1320","So criminal!","So criminal!"
"1324","Um...","Um..."
"1326"," tapping people's"," tapping people's"
"1328","phones is a crime,","phones is a crime,"
"1330"," Miss May."," Miss May."
"1334","Oh,","Oh,"
"1336"," and I suppose you learned"," and I suppose you learned"
"1338","that in Lawyer School,","that in Lawyer School,"
"1340"," hmm?"," hmm?"
"1343","Creep!","Creep!"
"1348","(This woman is impossible","(This woman is impossible"
"1350","to talk to...)","to talk to...)"
"1360","Say...","Say..."
"1362","Why are you so...","Why are you so..."
"1364"," angry?"," angry?"
"1366","I mean,","I mean,"
"1368"," you don't look"," you don't look"
"1371","like a bad person...","like a bad person..."
"1379","That does it,","That does it,"
"1381"," "," "
"1385","you bottom-","you bottom-"
"1388","feeding,","feeding,"
"1390"," scum-sucking lawyer!"," scum-sucking lawyer!"
"1396","B-","B-"
"1398","bottom...?","bottom...?"
"1402","(I can't tell,","(I can't tell,"
"1404"," does she have"," does she have"
"1406","a thing against lawyers...","a thing against lawyers..."
"1409","or just against me?)","or just against me?)"
"1421","Any thoughts about","Any thoughts about"
"1423","this photograph?","this photograph?"
"1426","...","..."
"1429","Who's that?","Who's that?"
"1432","Your mother?","Your mother?"
"1438","(...)","(...)"
"1443","(*sigh*","(*sigh*"
"1445"," Looks like I've just"," Looks like I've just"
"1447","been wasting my time.)","been wasting my time.)"
"1461","Have a look at this.","Have a look at this."
"1465","Look,","Look,"
"1467"," I've said several"," I've said several"
"1469","times,","times,"
"1471"," I'm not telling you..."," I'm not telling you..."
"1477","!","!"
"1481","Where did you...?","Where did you...?"
"1489","(Ah hah!","(Ah hah!"
"1491"," A reaction!)"," A reaction!)"
"1494","This is him,","This is him,"
"1496"," isn't it?"," isn't it?"
"1502","What?","What?"
"1504"," Who?"," Who?"
"1506"," When?"," When?"
"1508"," Why...?"," Why...?"
"1512","It IS him.","It IS him."
"1514","This is the man who stayed","This is the man who stayed"
"1516","in your hotel room the night","in your hotel room the night"
"1518","of the murder!","of the murder!"
"1524","No!","No!"
"1526"," No,"," No,"
"1531"," that's not right."," that's not right."
"1536","(Nice try,","(Nice try,"
"1538"," Miss Cooperative.)"," Miss Cooperative.)"
"1545","D-","D-"
"1547","do you have proof","do you have proof"
"1549","that was him?","that was him?"
"1551"," Hmm?"," Hmm?"
"1553","Y-","Y-"
"1555","yeah!","yeah!"
"1557"," Proof!"," Proof!"
"1562"," Show me proof!"," Show me proof!"
"1568","(I'm so close!)","(I'm so close!)"
"1582","How about this photograph?","How about this photograph?"
"1586","You're wasting ","You're wasting "
"1589","your time!","your time!"
"1592","My lips are sealed!","My lips are sealed!"
"1604","Could you have","Could you have"
"1606","a look at this?","a look at this?"
"1613","What's that?","What's that?"
"1618","The bellboy's affidavit!","The bellboy's affidavit!"
"1622","It tells us everything he saw.","It tells us everything he saw."
"1625","Such as the man you","Such as the man you"
"1627","checked in with.","checked in with."
"1632","Who was most definitely","Who was most definitely"
"1634","this guy.","this guy."
"1642","...!","...!"
"1646","88","88"
"1649","(Now I'm getting somewhere!)","(Now I'm getting somewhere!)"
"1662","(This is it,","(This is it,"
"1664"," all or nothing!"," all or nothing!"
"1667","Time to do a little bluff.)","Time to do a little bluff.)"
"1673","No use playing dumb!","No use playing dumb!"
"1677","(If,","(If,"
"1679"," indeed,"," indeed,"
"1681"," that's an act.)"," that's an act.)"
"1685","If you don't talk,","If you don't talk,"
"1687"," I'm taking"," I'm taking"
"1689","this info to the press!","this info to the press!"
"1694","W","W"
"1698","haaaaat!?","haaaaat!?"
"1703","Even though he should've been","Even though he should've been"
"1705","witness to murder,","witness to murder,"
"1707"," your little"," your little"
"1709","""friend"" was missing.","""friend"" was missing."
"1711","I'm sure the press would","I'm sure the press would"
"1713","have a field day with his","have a field day with his"
"1715","reputation!","reputation!"
"1722","...!","...!"
"1728","Ooooh!","Ooooh!"
"1733","Fine!","Fine!"
"1735"," I'll talk!"," I'll talk!"
"1737","You...","You..."
"1739"," you "," you "
"1741","win,","win,"
"1743"," Lawyer."," Lawyer."
"1752","(Yes","(Yes"
"1754","!","!"
"1758","Man,","Man,"
"1760"," that felt good!)"," that felt good!)"
"1762","(It's great to be alive!)","(It's great to be alive!)"
"1768","Why are you pumping your","Why are you pumping your"
"1770","fists in the air?","fists in the air?"
"1778","*cough*","*cough*"
"1780","Now,","Now,"
"1782"," tell me about the"," tell me about the"
"1784","man you were with.","man you were with."
"1789","That man...","That man..."
"1792","He's my boss.","He's my boss."
"1795","Redd White,","Redd White,"
"1797"," the president"," the president"
"1799","of the information gathering","of the information gathering"
"1801","conglomerate,","conglomerate,"
"1803"," Bluecorp."," Bluecorp."
"1809","(Redd...","(Redd..."
"1811"," White?)"," White?)"
"1816","nformation gathering?""","nformation gathering?"""
"1820","Well...","Well..."
"1822"," I suppose you could"," I suppose you could"
"1824","call it a detective agency.","call it a detective agency."
"1828","Hmm...","Hmm..."
"1830","So this is the man that","So this is the man that"
"1832","was with you the night","was with you the night"
"1834","of the murder?","of the murder?"
"1839","...","..."
"1845","I'm...","I'm..."
"1848","I'm scared to talk.","I'm scared to talk."
"1852","I don't want to","I don't want to"
"1854","end up ","end up "
"1856","like her!","like her!"
"1865","(...!)","(...!)"
"1868","It's okay,","It's okay,"
"1870"," I'll just"," I'll just"
"1872","ask Mr. White himself.","ask Mr. White himself."
"1874","Can you tell me where","Can you tell me where"
"1876","Bluecorp is located?","Bluecorp is located?"
"1880","...","..."
"1893","(Mr. Redd White,","(Mr. Redd White,"
"1895"," at last!)"," at last!)"
"1898","(Finally,","(Finally,"
"1900"," a lead on this guy!)"," a lead on this guy!)"
"1903","(If April May couldn't have","(If April May couldn't have"
"1905","done it,","done it,"
"1907"," that leaves him!)"," that leaves him!)"
"1909","(Time to take action!)","(Time to take action!)"
"1924","Bellboy's Affidavit discarded.","Bellboy's Affidavit discarded."
"1944","(Okay,","(Okay,"
"1946"," okay..."," okay..."
"1948"," she's vulnerable"," she's vulnerable"
"1950","now.","now."
"1952"," I should be gentle.)"," I should be gentle.)"
"1956","Miss May...","Miss May..."
"1959","It would be easy for me to ","It would be easy for me to "
"1961","hand this affidavit to the","hand this affidavit to the"
"1963","police.","police."
"1967","...","..."
"1971","If they get involved,","If they get involved,"
"1973"," wouldn't"," wouldn't"
"1975","your boss be even more...","your boss be even more..."
"1978","er...","er..."
"1980"," inconvenienced?"," inconvenienced?"
"1982","All I want to do is have","All I want to do is have"
"1984","a little chat with him.","a little chat with him."
"1986","You won't tell me?","You won't tell me?"
"1991","...","..."
"1996","Is that all you have to say?","Is that all you have to say?"
"2003","Yes.","Yes."
"2007","If it's so easy for you to","If it's so easy for you to"
"2009","""get the police involved,""","""get the police involved,"""
"2011","then why don't you?","then why don't you?"
"2013","Somehow I think you're","Somehow I think you're"
"2015","not up to it,","not up to it,"
"2017"," hmm?"," hmm?"
"2025","(Show them a little kindness","(Show them a little kindness"
"2027","and they jump all over you!)","and they jump all over you!)"
"2032","(That had the opposite","(That had the opposite"
"2034","effect to what I hoped...)","effect to what I hoped...)"
"2040","Aww.","Aww."
"2042"," *smirk*"," *smirk*"
"2046","Poor little lawyer...","Poor little lawyer..."
"2048","And you were so close!","And you were so close!"
"2053","(This isn't working...)","(This isn't working...)"
"2055","(I think I've worn out this","(I think I've worn out this"
"2057","piece of paper's usefulness.)","piece of paper's usefulness.)"
"2063","Dammit!","Dammit!"
"2069","Bellboy's Affidavit discarded.","Bellboy's Affidavit discarded."
"2076","(The man in this photo","(The man in this photo"
"2078","is the one I want!)","is the one I want!)"
"2080","(Why did April May not want","(Why did April May not want"
"2082","to talk about it...","to talk about it..."
"2084"," she must"," she must"
"2086","know him!)","know him!)"
"2097","Hey,","Hey,"
"2099"," guess what."," guess what."
"2101","Actually,","Actually,"
"2103"," I,"," I,"
"2105"," um,"," um,"
"2108","really hate your guts.","really hate your guts."
"2110","So get lost,","So get lost,"
"2112"," because,"," because,"
"2115","well,","well,"
"2117"," I'm not cooperating."," I'm not cooperating."
"2122","(Thanks,","(Thanks,"
"2124"," I noticed.)"," I noticed.)"
"2134","Apparently,","Apparently,"
"2136"," Miss May"," Miss May"
"2138","is in questioning.","is in questioning."
"2140","I doubt they'll let me","I doubt they'll let me"
"2142","talk to her today.","talk to her today."
"2150","This guard monitors","This guard monitors"
"2152","the visitor's room.","the visitor's room."
"2154","He hasn't moved an inch.","He hasn't moved an inch."
"2157","A real pro,","A real pro,"
"2159"," this guy."," this guy."
"2167","Smile for the camera...","Smile for the camera..."
"2176","No clues here.","No clues here."
"2196","September 8, 3:37 PM","September 8, 3:37 PM"
"2198","Detention Center","Detention Center"
"2200","Visitor's Room","Visitor's Room"
"2211","I can't believe it's only","I can't believe it's only"
"2213","been a day since the first","been a day since the first"
"2215","trial.","trial."
"2217","My trial begins tomorrow.","My trial begins tomorrow."
"2219","White's going to","White's going to"
"2221","set a trap for me.","set a trap for me."
"2223","And the prosecution will","And the prosecution will"
"2226","be in on it,","be in on it,"
"2228"," of "," of "
"2230","course.","course."
"2233","Edgeworth,","Edgeworth,"
"2235"," included."," included."
"2237","An attorney was assigned to","An attorney was assigned to"
"2239","me by the state,","me by the state,"
"2241"," yesterday."," yesterday."
"2243","I refused.","I refused."
"2246","I had an idea.","I had an idea."
"2250","...","..."
"2252","Wright!","Wright!"
"2256","Mr. Wright!","Mr. Wright!"
"2270","Oh,","Oh,"
"2272"," Maya!"," Maya!"
"2274","Great,","Great,"
"2276"," they let you"," they let you"
"2278","out of detention.","out of detention."
"2282","Just now,","Just now,"
"2284"," yes."," yes."
"2290","It's all thanks to you!","It's all thanks to you!"
"2295","Hah.","Hah."
"2297"," Now I'm afraid we've"," Now I'm afraid we've"
"2299","switched places.","switched places."
"2305","What?","What?"
"2307"," You mean,"," You mean,"
"2309"," you...?"," you...?"
"2322","I explained what had","I explained what had"
"2324","happened to Maya.","happened to Maya."
"2326","...","..."
"2341","I don't believe it!","I don't believe it!"
"2343","How many people does that man","How many people does that man"
"2345","need to destroy before he's","need to destroy before he's"
"2347","satisfied!?","satisfied!?"
"2349"," My mother..."," My mother..."
"2351","My sister...","My sister..."
"2353","And now you!","And now you!"
"2360","This has gone too far!","This has gone too far!"
"2363","Mr. Wright,","Mr. Wright,"
"2365"," please tell me,"," please tell me,"
"2370","is there anything I can do?","is there anything I can do?"
"2376","Um...","Um..."
"2378"," well..."," well..."
"2389","Alright,","Alright,"
"2391"," you can be my"," you can be my"
"2393","defense lawyer tomorrow!","defense lawyer tomorrow!"
"2400","Alright!","Alright!"
"2404","Huh?","Huh?"
"2411","Leave it to me!","Leave it to me!"
"2413"," I am Mia's"," I am Mia's"
"2415","sister,","sister,"
"2417"," after all!"," after all!"
"2419"," Lawyership"," Lawyership"
"2421","runs in our blood!","runs in our blood!"
"2426","(Wasn't it ghost powers","(Wasn't it ghost powers"
"2428"," that"," that"
"2430","ran in your blood...?)","ran in your blood...?)"
"2436","I'd better run to the","I'd better run to the"
"2438","bookstore and pick up a copy","bookstore and pick up a copy"
"2440","of ""Law for Rookies.""","of ""Law for Rookies."""
"2448","Well,","Well,"
"2450"," you could cheer"," you could cheer"
"2452","for me in court.","for me in court."
"2458","Cheer for you?","Cheer for you?"
"2462","You mean...","You mean..."
"2464"," like a"," like a"
"2466","cheerleader?","cheerleader?"
"2470","Huh?","Huh?"
"2472"," Um,"," Um,"
"2474"," yeah,"," yeah,"
"2476"," like that."," like that."
"2483","Alright!","Alright!"
"2487","Leave it to me!","Leave it to me!"
"2491","Huh?","Huh?"
"2495","I'd better go get a uniform","I'd better go get a uniform"
"2497","and some pom-poms...!","and some pom-poms...!"
"2505","Right.","Right."
"2507"," Okay,"," Okay,"
"2509"," listen up."," listen up."
"2512","I want you to help me break","I want you to help me break"
"2514","out of here!","out of here!"
"2521","You mean...","You mean..."
"2523"," a jail break?"," a jail break?"
"2527","Yeah.","Yeah."
"2529"," Tonight's our"," Tonight's our"
"2531","only chance!","only chance!"
"2538","Alright!","Alright!"
"2542","Huh?","Huh?"
"2546","Oh,","Oh,"
"2548"," I'd better go get a"," I'd better go get a"
"2550","hacksaw while the stores","hacksaw while the stores"
"2552","are still open.","are still open."
"2556","Oh,","Oh,"
"2558"," oh!"," oh!"
"2560"," And a rope ladder,"," And a rope ladder,"
"2563","and a getaway car!","and a getaway car!"
"2566","Can you drive?","Can you drive?"
"2574","...","..."
"2578","W-","W-"
"2580","wait.","wait."
"2582"," Wait "," Wait "
"2584","wait ","wait "
"2586","wait.","wait."
"2597","What","What"
"2599"," what "," what "
"2601","what?","what?"
"2605","I'm kidding!","I'm kidding!"
"2607"," It was a joke!"," It was a joke!"
"2613","No way!","No way!"
"2618","No really,","No really,"
"2620"," I was kidding."," I was kidding."
"2623","But thanks.","But thanks."
"2625"," It's good to know"," It's good to know"
"2627","you're on my side.","you're on my side."
"2630","(And there really isn't","(And there really isn't"
"2632","anything you can do","anything you can do"
"2634","for me anyway...)","for me anyway...)"
"2641","But...","But..."
"2646"," but I can't just sit"," but I can't just sit"
"2648","here and do nothing!","here and do nothing!"
"2651","I've got to give that","I've got to give that"
"2654","man a ","man a "
"2657","piece of my mind!","piece of my mind!"
"2662","(Just a piece...?)","(Just a piece...?)"
"2665","Okay.","Okay."
"2668","Then,","Then,"
"2670"," come to the"," come to the"
"2672","trial tomorrow.","trial tomorrow."
"2676","O-","O-"
"2678","okay!","okay!"
"2680"," I'll be there!"," I'll be there!"
"2686","I'll show them","I'll show them"
"2688","a thing or two!","a thing or two!"
"2703","Times may change,","Times may change,"
"2705"," yet with"," yet with"
"2707","crime it's the same old story.","crime it's the same old story."
"2709","In fact,","In fact,"
"2711"," it's gotten worse."," it's gotten worse."
"2714","Lengthy court proceedings","Lengthy court proceedings"
"2716","are no longer realistic.","are no longer realistic."
"2718","Beginning a few years ago,","Beginning a few years ago,"
"2721","a limit of three days was put","a limit of three days was put"
"2723","on initial court trials.","on initial court trials."
"2725","Almost all finish in a day.","Almost all finish in a day."
"2728","Most with a guilty verdict.","Most with a guilty verdict."
"2730","I never thought I would","I never thought I would"
"2732","end up in the defendant's","end up in the defendant's"
"2734","chair myself for this case.","chair myself for this case."
"2744","With the true culprit","With the true culprit"
"2746","appearing as the","appearing as the"
"2748","star witness.","star witness."
"2753","This is it!","This is it!"
"2756","Tomorrow, it's me or him!","Tomorrow, it's me or him!"
"2769","              To be continued.","              To be continued."
"2794","September 7","September 7"
"2796","Grossberg Law Offices","Grossberg Law Offices"
"2807","(Huh.","(Huh."
"2809"," Looks like Grossberg"," Looks like Grossberg"
"2811","is out today...","is out today..."
"2813"," again.)"," again.)"
"2815","(Maybe ","(Maybe "
"2818","he's avoiding","he's avoiding"
"2820","me for some reason?)","me for some reason?)"
"2833","Wait a second...","Wait a second..."
"2835","Wasn't there a giant painting","Wasn't there a giant painting"
"2837","hanging on that wall...?","hanging on that wall...?"
"2839","Yeah...","Yeah..."
"2841"," yeah,"," yeah,"
"2843"," it was"," it was"
"2845","a painting of...","a painting of..."
"2855","Wasn't it?","Wasn't it?"
"2858","It wasn't a very memorable","It wasn't a very memorable"
"2860","painting,","painting,"
"2862"," anyhow."," anyhow."
"2870","A solid mahogany desk.","A solid mahogany desk."
"2872","The wood's been polished","The wood's been polished"
"2874","to a deep luster.","to a deep luster."
"2882","A table for clients.","A table for clients."
"2884","Hmm...","Hmm..."
"2886"," an elegant ebony case,"," an elegant ebony case,"
"2889","and if I'm not mistaken,","and if I'm not mistaken,"
"2891"," that"," that"
"2893","lighter's made of solid gold.","lighter's made of solid gold."
"2895","Even I can tell someone","Even I can tell someone"
"2897","here's got money to burn.","here's got money to burn."
"2905","An expensive potted plant.","An expensive potted plant."
"2907","No idea what kind of plant it","No idea what kind of plant it"
"2909","is,","is,"
"2911"," but it's probably the"," but it's probably the"
"2913","most expensive one available.","most expensive one available."
"2921","Expensive-looking mahogany","Expensive-looking mahogany"
"2923","bookshelves,","bookshelves,"
"2925"," filled with"," filled with"
"2927","expensive-looking books.","expensive-looking books."
"2929","Hmm...","Hmm..."
"2931"," Funny..."," Funny..."
"2933"," They don't"," They don't"
"2935","look like they've ever been","look like they've ever been"
"2937","read.","read."
"2949","What's this?","What's this?"
"2951"," Old photos?"," Old photos?"
"2954","There are two lying here.","There are two lying here."
"2956","Something's been written in","Something's been written in"
"2958","pencil on the backs.","pencil on the backs."
"2961","""DL-6 Incident - Exhibit A,""","""DL-6 Incident - Exhibit A,"""
"2965","""DL-6 Incident - Exhibit B""...","""DL-6 Incident - Exhibit B""..."
"2967","Let's take a","Let's take a"
"2969","look at these...","look at these..."
"2980","...","..."
"2982","I'm sure I've seen this","I'm sure I've seen this"
"2984","person somewhere...","person somewhere..."
"2986","Perhaps I'll borrow this photo.","Perhaps I'll borrow this photo."
"2988","I'm sure no one will miss","I'm sure no one will miss"
"2990","just one little photo.","just one little photo."
"2992","And it might be a valuable","And it might be a valuable"
"2994","clue...","clue..."
"2996"," I'll take it for now."," I'll take it for now."
"3003","Photograph quietly added","Photograph quietly added"
"3005","to the Court Record.","to the Court Record."
"3016","Why would Grossberg have","Why would Grossberg have"
"3018","a picture of this man...?","a picture of this man...?"
"3020","This might be a valuable","This might be a valuable"
"3022","clue...","clue..."
"3024"," I'll take it for now."," I'll take it for now."
"3026","I'm just borrowing it.","I'm just borrowing it."
"3029","I'll return it later.","I'll return it later."
"3036","Photograph quietly added","Photograph quietly added"
"3038","to the Court Record.","to the Court Record."
"3048","I don't need it now,","I don't need it now,"
"3051","whatever it is.","whatever it is."
"3053","If I ever run out of","If I ever run out of"
"3055","clues,","clues,"
"3057"," I'll know where"," I'll know where"
"3059","to find these.","to find these."
"3062","(Although I can't be sure","(Although I can't be sure"
"3064","the photos will still","the photos will still"
"3066","be here then...)","be here then...)"
"3076","A photo lies on the desk.","A photo lies on the desk."
"3079","Maybe I should switch","Maybe I should switch"
"3081","it with the one I took?","it with the one I took?"
"3090","I think I'll swap them...","I think I'll swap them..."
"3099","Photograph added","Photograph added"
"3101","to the Court Record.","to the Court Record."
"3111","No,","No,"
"3113"," on second thought,"," on second thought,"
"3116","I'd better not.","I'd better not."
"3125","A photo lies","A photo lies"
"3127","on the desk.","on the desk."
"3130","Maybe I should switch","Maybe I should switch"
"3132","it with the one I took?","it with the one I took?"
"3141","I think I'll swap them...","I think I'll swap them..."
"3150","Photograph added","Photograph added"
"3152","to the Court Record.","to the Court Record."
"3162","No,","No,"
"3164"," on second thought,"," on second thought,"
"3167","I'd better not.","I'd better not."
"3176","No clues here.","No clues here."
"3187","(*sigh*","(*sigh*"
"3189"," He's out again?)"," He's out again?)"
"3194","(Huh?","(Huh?"
"3196"," No more photos"," No more photos"
"3198","on the desk...)","on the desk...)"
"3209","Wait a second...","Wait a second..."
"3211","Wasn't there a giant painting","Wasn't there a giant painting"
"3213","hanging on that wall...?","hanging on that wall...?"
"3215","Yeah...","Yeah..."
"3217"," yeah,"," yeah,"
"3219"," it was"," it was"
"3221","a painting of...","a painting of..."
"3231","Wasn't it?","Wasn't it?"
"3234","It wasn't a very memorable","It wasn't a very memorable"
"3236","painting,","painting,"
"3238"," anyhow."," anyhow."
"3246","A solid mahogany desk.","A solid mahogany desk."
"3248","The wood's been polished","The wood's been polished"
"3250","to a deep luster.","to a deep luster."
"3258","A table for clients.","A table for clients."
"3260","Hmm...","Hmm..."
"3262"," an elegant ebony case,"," an elegant ebony case,"
"3265","and if I'm not mistaken,","and if I'm not mistaken,"
"3267"," that"," that"
"3269","lighter's made of solid gold.","lighter's made of solid gold."
"3271","Even I can tell someone","Even I can tell someone"
"3273","here's got money to burn.","here's got money to burn."
"3281","An expensive potted plant.","An expensive potted plant."
"3283","No idea what kind of plant it","No idea what kind of plant it"
"3285","is,","is,"
"3287"," but it's probably the"," but it's probably the"
"3289","most expensive one available.","most expensive one available."
"3297","Expensive-looking mahogany","Expensive-looking mahogany"
"3299","bookshelves,","bookshelves,"
"3301"," filled with"," filled with"
"3303","expensive-looking books.","expensive-looking books."
"3305","Hmm...","Hmm..."
"3307"," Funny..."," Funny..."
"3309"," They don't"," They don't"
"3311","look like they've ever been","look like they've ever been"
"3313","read.","read."
"3321","Those photos that were","Those photos that were"
"3323","lying there are gone now.","lying there are gone now."
"3325","I guess Grossberg","I guess Grossberg"
"3327","must have stopped in.","must have stopped in."
"3336","No clues here.","No clues here."
"3347","(Alright,","(Alright,"
"3349"," this is getting"," this is getting"
"3351","ridiculous.","ridiculous."
"3353"," Where the heck"," Where the heck"
"3355","is that loafer?)","is that loafer?)"
"3360","*Ah-HHHHEM!*","*Ah-HHHHEM!*"
"3366","(Ah,","(Ah,"
"3368"," that old familiar"," that old familiar"
"3370","clearing of the throat...)","clearing of the throat...)"
"3380","Ah hah!","Ah hah!"
"3382"," You again."," You again."
"3386","Um,","Um,"
"3388"," hello,"," hello,"
"3390"," Mr. Grossberg."," Mr. Grossberg."
"3393","...","..."
"3396","Well,","Well,"
"3398"," well."," well."
"3402","You were quite the","You were quite the"
"3404","thing,","thing,"
"3406"," my boy."," my boy."
"3411","Excuse me...?","Excuse me...?"
"3415","The trial!","The trial!"
"3417"," The trial!"," The trial!"
"3422","(He was there...?)","(He was there...?)"
"3427","Reminded me of myself","Reminded me of myself"
"3429","when I was a youth!","when I was a youth!"
"3434","(I guess something got passed","(I guess something got passed"
"3436","down through Mia...","down through Mia..."
"3438"," maybe?)"," maybe?)"
"3443","It brings back","It brings back"
"3445","memories,","memories,"
"3447"," it does!"," it does!"
"3450","""Ah...","""Ah..."
"3452"," the days of my youth..."," the days of my youth..."
"3455","like the scent of fresh","like the scent of fresh"
"3457","lemon...""","lemon..."""
"3459"," you see."," you see."
"3464","...","..."
"3469","I apologize.","I apologize."
"3474","?","?"
"3478","I...","I..."
"3480"," It was all a bit"," It was all a bit"
"3482","too much for me,","too much for me,"
"3484"," my boy."," my boy."
"3486","Seeing you today,","Seeing you today,"
"3489","I...","I..."
"3491"," well,"," well,"
"3493"," I..."," I..."
"3496","...","..."
"3503","(I appreciate the reminiscing,","(I appreciate the reminiscing,"
"3506","but I'd much rather you gave","but I'd much rather you gave"
"3508","me some information!)","me some information!)"
"3518","Wasn't there a giant painting","Wasn't there a giant painting"
"3520","hanging on that wall...?","hanging on that wall...?"
"3522","Yeah...","Yeah..."
"3524"," yeah,"," yeah,"
"3526"," it was"," it was"
"3528","a painting of...","a painting of..."
"3538","Wasn't it?","Wasn't it?"
"3541","It wasn't a very memorable","It wasn't a very memorable"
"3543","painting,","painting,"
"3545"," anyhow."," anyhow."
"3553","A solid mahogany desk.","A solid mahogany desk."
"3555","The wood's been polished","The wood's been polished"
"3557","to a deep luster.","to a deep luster."
"3565","A table for clients.","A table for clients."
"3567","Hmm...","Hmm..."
"3569"," an elegant ebony case,"," an elegant ebony case,"
"3572","and if I'm not mistaken,","and if I'm not mistaken,"
"3574"," that"," that"
"3576","lighter's made of solid gold.","lighter's made of solid gold."
"3578","Even I can tell someone","Even I can tell someone"
"3580","here's got money to burn.","here's got money to burn."
"3588","An expensive potted plant.","An expensive potted plant."
"3590","No idea what kind of plant it","No idea what kind of plant it"
"3592","is,","is,"
"3594"," but it's probably the"," but it's probably the"
"3596","most expensive one available.","most expensive one available."
"3604","Expensive-looking mahogany","Expensive-looking mahogany"
"3606","bookshelves,","bookshelves,"
"3608"," filled with"," filled with"
"3610","expensive-looking books.","expensive-looking books."
"3612","Hmm...","Hmm..."
"3614"," Funny..."," Funny..."
"3616"," They don't"," They don't"
"3618","look like they've ever been","look like they've ever been"
"3620","read.","read."
"3628","That photo that was","That photo that was"
"3630","lying there is gone now.","lying there is gone now."
"3632","Hmm...","Hmm..."
"3634"," I wonder if someone"," I wonder if someone"
"3636","noticed that one was missing?","noticed that one was missing?"
"3645","No clues here.","No clues here."
"3654","So you came to","So you came to"
"3656","see the trial?","see the trial?"
"3662","Yes,","Yes,"
"3664"," yes I did."," yes I did."
"3666","Something was bothering me","Something was bothering me"
"3668","all last night,","all last night,"
"3670"," you see."," you see."
"3672"," I"," I"
"3674","couldn't get a wink of sleep.","couldn't get a wink of sleep."
"3680","Really?","Really?"
"3682"," What was that?"," What was that?"
"3686","Well,","Well,"
"3688"," you see,"," you see,"
"3690"," it's just..."," it's just..."
"3693","Mia's sister,","Mia's sister,"
"3695"," that poor girl."," that poor girl."
"3698","My boy,","My boy,"
"3700"," I owe you"," I owe you"
"3702","my thanks,","my thanks,"
"3704"," truly."," truly."
"3706","I don't know what I","I don't know what I"
"3708"," would"," would"
"3710","have done if things had","have done if things had"
"3712","gone poorly for the girl.","gone poorly for the girl."
"3717","(If you were that worried","(If you were that worried"
"3719","about it,","about it,"
"3721"," why didn't you"," why didn't you"
"3723","offer to defend her!?)","offer to defend her!?)"
"3734","I asked before,","I asked before,"
"3736"," but,"," but,"
"3738"," why"," why"
"3740","did you refuse her request","did you refuse her request"
"3742","for defense?","for defense?"
"3744","I think I have","I think I have"
"3746","a right to know.","a right to know."
"3749","A right,","A right,"
"3751"," Mr. Wright?"," Mr. Wright?"
"3754","No,","No,"
"3756"," no,"," no,"
"3758"," I'm sorry."," I'm sorry."
"3760"," It's just,"," It's just,"
"3764","I need more time to think","I need more time to think"
"3766","about it,","about it,"
"3768"," my boy."," my boy."
"3772","...","..."
"3775","(He does seem troubled","(He does seem troubled"
"3777","about something...)","about something...)"
"3779","(Maybe I can find something","(Maybe I can find something"
"3781","that will inspire him to","that will inspire him to"
"3783","talk.)","talk.)"
"3793","The other day I'm sure there","The other day I'm sure there"
"3795","was a big,","was a big,"
"3797"," pretentious-looking"," pretentious-looking"
"3799","painting on that wall...","painting on that wall..."
"3805","""Pretentious-looking""...?","""Pretentious-looking""...?"
"3809","Well...","Well..."
"3811"," you know"," you know"
"3813","the one I mean.","the one I mean."
"3815","Anyway,","Anyway,"
"3817"," where did it go?"," where did it go?"
"3821","Ah,","Ah,"
"3823"," "," "
"3825","yes,","yes,"
"3827"," well..."," well..."
"3829","I...","I..."
"3831"," "," "
"3833","got rid of it.","got rid of it."
"3835"," Got quite"," Got quite"
"3837","tired of the thing,","tired of the thing,"
"3839"," really."," really."
"3843","I,","I,"
"3845"," er,"," er,"
"3847"," sold it,"," sold it,"
"3849"," you see."," you see."
"3852","Yes,","Yes,"
"3854"," that's right."," that's right."
"3859","(Sold it!?","(Sold it!?"
"3865","I'm not sure I buy that...)","I'm not sure I buy that...)"
"3868","Wasn't that painting rather","Wasn't that painting rather"
"3870","important to you,","important to you,"
"3872"," sir?"," sir?"
"3874","Did something happen?","Did something happen?"
"3881","I don't see how it's","I don't see how it's"
"3883","any of your business!","any of your business!"
"3888","Please,","Please,"
"3890"," speak no more"," speak no more"
"3892","of that accursed painting.","of that accursed painting."
"3895","I ","I "
"3897","didn't...","didn't..."
"3902","I...","I..."
"3907","*mumble*","*mumble*"
"3909"," *mumble*"," *mumble*"
"3919","Mr. Grossberg...?","Mr. Grossberg...?"
"3923","...","..."
"3925","Ah,","Ah,"
"3927"," "," "
"3929","my apologies.","my apologies."
"3931"," I need to"," I need to"
"3933","think about things.","think about things."
"3935"," Alone."," Alone."
"3941","(He barely even glanced in","(He barely even glanced in"
"3943","my direction...)","my direction...)"
"3958","Excuse me,","Excuse me,"
"3960"," I was wondering"," I was wondering"
"3962","about this photograph...","about this photograph..."
"3970","...!","...!"
"3975","Where did you get that!?","Where did you get that!?"
"3981","I borrowed it.","I borrowed it."
"3985","Well,","Well,"
"3990"," give it back at once!"," give it back at once!"
"3994","Mr. Grossberg.","Mr. Grossberg."
"3997","Tell me about the man","Tell me about the man"
"3999","in this photo.","in this photo."
"4001","He may have been in that hotel","He may have been in that hotel"
"4003","room with April May on the","room with April May on the"
"4005","night of the murder.","night of the murder."
"4007","Do you know something","Do you know something"
"4009","about him...","about him..."
"4011"," anything?"," anything?"
"4017","...","..."
"4019","!","!"
"4023","Hmm.","Hmm."
"4025"," "," "
"4027","Ahem!","Ahem!"
"4029","Very well.","Very well."
"4032","I'll tell you what I know.","I'll tell you what I know."
"4034","However...","However..."
"4036","You didn't hear it","You didn't hear it"
"4038","from me,","from me,"
"4040"," if you follow."," if you follow."
"4045","I follow.","I follow."
"4049","That man is Mr. Redd White.","That man is Mr. Redd White."
"4051","He's the President of Bluecorp.","He's the President of Bluecorp."
"4057","(Redd White...","(Redd White..."
"4059"," Hmm.)"," Hmm.)"
"4063","Bluecorp...","Bluecorp..."
"4065"," they're something"," they're something"
"4067","like a detective agency,","like a detective agency,"
"4069"," right?"," right?"
"4073","They're information pros.","They're information pros."
"4076","They sell information,","They sell information,"
"4078"," you see."," you see."
"4081","Sensitive information.","Sensitive information."
"4083","Despite his name,","Despite his name,"
"4085"," Mr. White"," Mr. White"
"4087","has the blackest reputation","has the blackest reputation"
"4089","of any man in this country.","of any man in this country."
"4091","Should you run across him,","Should you run across him,"
"4094","watch what you say.","watch what you say."
"4096","You wouldn't want him digging","You wouldn't want him digging"
"4098","up any dirt on you.","up any dirt on you."
"4105","(Hmm...","(Hmm..."
"4107"," selling information."," selling information."
"4110","Sounds like blackmail.)","Sounds like blackmail.)"
"4115","Can you tell me where","Can you tell me where"
"4117","Bluecorp is located?","Bluecorp is located?"
"4122","H","H"
"4124","mm...","mm..."
"4128","I suppose.","I suppose."
"4144","(Mr. Redd White,","(Mr. Redd White,"
"4146"," at last!)"," at last!)"
"4149","(Finally,","(Finally,"
"4151"," a lead on this guy!)"," a lead on this guy!)"
"4154","(Even if April May couldn't","(Even if April May couldn't"
"4156","have done it,","have done it,"
"4158"," he could have!)"," he could have!)"
"4160","(Time to take action!)","(Time to take action!)"
"4176","Photograph returned to","Photograph returned to"
"4178","Mr. Grossberg.","Mr. Grossberg."
"4184","Now,","Now,"
"4186"," I must ask you to leave."," I must ask you to leave."
"4189","I need to think about","I need to think about"
"4191","things.","things."
"4193"," Alone."," Alone."
"4210","Excuse me,","Excuse me,"
"4212"," I was wondering"," I was wondering"
"4214","about this photograph...","about this photograph..."
"4222","Where did you get that!?","Where did you get that!?"
"4228","Give it back at once!","Give it back at once!"
"4233","I'm sorry to have taken","I'm sorry to have taken"
"4235","it without your knowledge.","it without your knowledge."
"4237","But...","But..."
"4239"," I have to know."," I have to know."
"4242","Who is this man?","Who is this man?"
"4244","He was most likely in","He was most likely in"
"4246","April May's room the","April May's room the"
"4248","night of the murder.","night of the murder."
"4255","!","!"
"4263","What's that you say!?","What's that you say!?"
"4266","A-","A-"
"4268","are you QUITE sure?","are you QUITE sure?"
"4272","My boy?","My boy?"
"4277","(What has him so flustered","(What has him so flustered"
"4279","I wonder...?)","I wonder...?)"
"4284","I...","I..."
"4286"," I beg your pardon,"," I beg your pardon,"
"4288"," but"," but"
"4293","I must ask you to leave.","I must ask you to leave."
"4295","I need to be alone.","I need to be alone."
"4302","(...!)","(...!)"
"4304","(He's fallen silent","(He's fallen silent"
"4306","as a stone.","as a stone."
"4308"," A rather"," A rather"
"4310","large stone.)","large stone.)"
"4312","(I guess I should ","(I guess I should "
"4314","return that photo.)","return that photo.)"
"4329","Photograph returned to","Photograph returned to"
"4331","Mr. Grossberg.","Mr. Grossberg."
"4343","I beg your pardon,","I beg your pardon,"
"4345"," but"," but"
"4347","I am not at liberty to","I am not at liberty to"
"4349","speak on the matter.","speak on the matter."
"4364","...","..."
"4366","...","..."
"4368","...","..."
"4373","(Huh?","(Huh?"
"4375"," I don't think he's"," I don't think he's"
"4377","noticed me standing here.)","noticed me standing here.)"
"4379","(Maybe I should...","(Maybe I should..."
"4382","clear my throat?)","clear my throat?)"
"4386","Aaa-HHHEM!","Aaa-HHHEM!"
"4393","Jumping ","Jumping "
"4397","Jehosephats!","Jehosephats!"
"4400","Oh!","Oh!"
"4402"," You!"," You!"
"4406","What's wrong?","What's wrong?"
"4408"," You looked so"," You looked so"
"4410","pensive...","pensive..."
"4412"," like an old man"," like an old man"
"4414","at the end of his days.","at the end of his days."
"4419","Hmm?","Hmm?"
"4421"," I'm not senile yet!"," I'm not senile yet!"
"4423","I was just thinking about","I was just thinking about"
"4425","this whole mess...","this whole mess..."
"4430","(Something's really","(Something's really"
"4432","bothering him,","bothering him,"
"4434"," that"," that"
"4436","much is clear.)","much is clear.)"
"4446","Wasn't there a giant painting","Wasn't there a giant painting"
"4448","hanging on that wall...?","hanging on that wall...?"
"4450","Yeah...","Yeah..."
"4452"," yeah,"," yeah,"
"4454"," it was"," it was"
"4456","a painting of...","a painting of..."
"4466","Wasn't it?","Wasn't it?"
"4469","It wasn't a very memorable","It wasn't a very memorable"
"4471","painting,","painting,"
"4473"," anyhow."," anyhow."
"4481","A solid mahogany desk.","A solid mahogany desk."
"4483","The wood's been polished","The wood's been polished"
"4485","to a deep luster.","to a deep luster."
"4493","A table for clients.","A table for clients."
"4495","Hmm...","Hmm..."
"4497"," an elegant ebony case,"," an elegant ebony case,"
"4500","and if I'm not mistaken,","and if I'm not mistaken,"
"4502"," that"," that"
"4504","lighter's made of solid gold.","lighter's made of solid gold."
"4506","Even I can tell someone","Even I can tell someone"
"4508","here's got money to burn.","here's got money to burn."
"4516","An expensive potted plant.","An expensive potted plant."
"4518","No idea what kind of plant it","No idea what kind of plant it"
"4520","is,","is,"
"4522"," but it's probably the"," but it's probably the"
"4524","most expensive one available.","most expensive one available."
"4532","Expensive-looking mahogany","Expensive-looking mahogany"
"4534","bookshelves,","bookshelves,"
"4536"," filled with"," filled with"
"4538","expensive-looking books.","expensive-looking books."
"4540","Hmm...","Hmm..."
"4542"," Funny..."," Funny..."
"4544"," They don't"," They don't"
"4546","look like they've ever been","look like they've ever been"
"4548","read.","read."
"4557","No clues here.","No clues here."
"4566","So you came to","So you came to"
"4568","see the trial?","see the trial?"
"4574","Yes,","Yes,"
"4576"," yes I did."," yes I did."
"4578","Something was bothering","Something was bothering"
"4580","me all last night,","me all last night,"
"4582"," you see,"," you see,"
"4585","couldn't get a wink of sleep.","couldn't get a wink of sleep."
"4591","Really?","Really?"
"4593"," What was that?"," What was that?"
"4597","Well,","Well,"
"4599"," you see,"," you see,"
"4601"," it's just..."," it's just..."
"4604","Mia's sister,","Mia's sister,"
"4606"," that poor girl."," that poor girl."
"4609","My boy,","My boy,"
"4611"," I owe you"," I owe you"
"4613","my thanks,","my thanks,"
"4615"," truly."," truly."
"4617","I don't know what I would","I don't know what I would"
"4619","have done if things had","have done if things had"
"4621","gone poorly for the girl.","gone poorly for the girl."
"4630","I asked before,","I asked before,"
"4632"," but,"," but,"
"4634"," why"," why"
"4636","did you refuse her request","did you refuse her request"
"4638","for defense?","for defense?"
"4640","I think I have","I think I have"
"4642","a right to know.","a right to know."
"4645","A right,","A right,"
"4647"," Mr. Wright?"," Mr. Wright?"
"4650","No,","No,"
"4652"," no,"," no,"
"4654"," I'm sorry."," I'm sorry."
"4656"," It's just,"," It's just,"
"4660","I need more time to think","I need more time to think"
"4662","about it,","about it,"
"4664"," my boy."," my boy."
"4669","...","..."
"4673","(He does seem troubled","(He does seem troubled"
"4675","about something...)","about something...)"
"4677","(I'm starting to have a","(I'm starting to have a"
"4679","feeling I know what it is.)","feeling I know what it is.)"
"4689","So,","So,"
"4691"," I paid Bluecorp a visit."," I paid Bluecorp a visit."
"4697","Oh?","Oh?"
"4699"," Oh,"," Oh,"
"4701"," I see."," I see."
"4705","Mr. Grossberg...","Mr. Grossberg..."
"4707","I have to admit,","I have to admit,"
"4709"," something"," something"
"4711","has been bothering me.","has been bothering me."
"4715","Oh?","Oh?"
"4717"," What is it?"," What is it?"
"4720","Well,","Well,"
"4722"," out with it,"," out with it,"
"4724"," my boy!"," my boy!"
"4728","You see,","You see,"
"4730"," it's just..."," it's just..."
"4741","That photo of Mr. White...","That photo of Mr. White..."
"4743","Why would you have his","Why would you have his"
"4745","photo,","photo,"
"4747"," Mr. Grossberg?"," Mr. Grossberg?"
"4751","Umm...","Umm..."
"4753"," "," "
"4755","yes,","yes,"
"4757"," well."," well."
"4759"," It's been"," It's been"
"4761","a long time since then...","a long time since then..."
"4765","A long time ago?","A long time ago?"
"4767","I'm sorry...","I'm sorry..."
"4769"," but"," but"
"4771","I think not.","I think not."
"4773","I think you still have","I think you still have"
"4775","ties to Mr. White even today.","ties to Mr. White even today."
"4779","R-","R-"
"4784","really!","really!"
"4786"," Whatever gave"," Whatever gave"
"4788","you that idea!","you that idea!"
"4790","W-","W-"
"4795","what connection could I","what connection could I"
"4797","possibly have to an individual","possibly have to an individual"
"4799","such as he?","such as he?"
"4803","It's pretty straightforward,","It's pretty straightforward,"
"4806","actually...","actually..."
"4820","You go ","You go "
"4822","drinking ","drinking "
"4824","together!","together!"
"4826","You're friends,","You're friends,"
"4828"," aren't you?"," aren't you?"
"4833","...","..."
"4838","Now you're being","Now you're being"
"4840","foolish,","foolish,"
"4842"," my boy."," my boy."
"4844","Why in the world would","Why in the world would"
"4846","I ever drink with the","I ever drink with the"
"4848","likes of him!?","likes of him!?"
"4853","(Huh?","(Huh?"
"4855"," Whoops..."," Whoops..."
"4857"," maybe"," maybe"
"4859","that wasn't it.)","that wasn't it.)"
"4869","Mr. White has something on","Mr. White has something on"
"4871","you doesn't he?","you doesn't he?"
"4874","Blackmail?","Blackmail?"
"4881","...!","...!"
"4884","I don't...","I don't..."
"4890","I don't know what","I don't know what"
"4892","you're talking about!","you're talking about!"
"4896","Mr. Grossberg,","Mr. Grossberg,"
"4898"," sir..."," sir..."
"4900","There was a giant painting","There was a giant painting"
"4902","hanging right there the","hanging right there the"
"4904","other day,","other day,"
"4906"," was there not?"," was there not?"
"4908","The one you said you had ""no","The one you said you had ""no"
"4910","intention of parting with""?","intention of parting with""?"
"4912","Well,","Well,"
"4914"," I saw it."," I saw it."
"4916"," Today."," Today."
"4920","It was in the CEO's office","It was in the CEO's office"
"4922","at Bluecorp.","at Bluecorp."
"4924"," Redd White's"," Redd White's"
"4926","office.","office."
"4932","...","..."
"4935","So...","So..."
"4937"," you noticed."," you noticed."
"4939","I suppose I should have","I suppose I should have"
"4941","guessed you would.","guessed you would."
"4943"," It is"," It is"
"4945","a large painting...","a large painting..."
"4950","Mr. Grossberg...","Mr. Grossberg..."
"4953","tell me what happened.","tell me what happened."
"4963","Redd White is ","Redd White is "
"4965","supplying","supplying"
"4967","you with information,","you with information,"
"4971","obviously!","obviously!"
"4977","What's that now?","What's that now?"
"4981","You've been protecting","You've been protecting"
"4983","him all along.","him all along."
"4985","You protect him because you","You protect him because you"
"4987","need his services!","need his services!"
"4990","...","..."
"4995","Now you're being","Now you're being"
"4997","foolish,","foolish,"
"4999"," my boy."," my boy."
"5001","What possible use could I have","What possible use could I have"
"5003","for the services of the likes","for the services of the likes"
"5005","of him!?","of him!?"
"5010","(Huh?","(Huh?"
"5012"," Whoops..."," Whoops..."
"5014"," maybe"," maybe"
"5016","that wasn't it.)","that wasn't it.)"
"5026","I thought it was strange.","I thought it was strange."
"5028","Here was Maya,","Here was Maya,"
"5030"," your own"," your own"
"5032","apprentice's little sister,","apprentice's little sister,"
"5035","in desperate need...","in desperate need..."
"5037","Accused of killing her","Accused of killing her"
"5039","own sister no less,","own sister no less,"
"5041"," and"," and"
"5043","you wouldn't take the case!","you wouldn't take the case!"
"5045","I finally realized why.","I finally realized why."
"5047","You and Redd White are","You and Redd White are"
"5049","connected.","connected."
"5051"," He's..."," He's..."
"5062","I'll bet you and White","I'll bet you and White"
"5064","go way back!","go way back!"
"5066"," He's your boss"," He's your boss"
"5068","now,","now,"
"5070"," and was before,"," and was before,"
"5072"," I bet!"," I bet!"
"5076","My what?","My what?"
"5078"," Boss?"," Boss?"
"5083","Are you serious?","Are you serious?"
"5087","Yeah!","Yeah!"
"5089"," You both have that"," You both have that"
"5091","sort of ""we're in the same","sort of ""we're in the same"
"5093","club together"" feel to you.","club together"" feel to you."
"5099","Please,","Please,"
"5101"," stop."," stop."
"5104","You have a very peculiar","You have a very peculiar"
"5106","sense of humor,","sense of humor,"
"5108"," Mr. Wright."," Mr. Wright."
"5110","Very well,","Very well,"
"5112"," I'll talk."," I'll talk."
"5118","(What does he mean...","(What does he mean..."
"5120"," ""sense"," ""sense"
"5122","of humor""?","of humor""?"
"5124"," I was serious!)"," I was serious!)"
"5132","It's not something I can","It's not something I can"
"5134","claim to understand...","claim to understand..."
"5137","But you and Mr. White","But you and Mr. White"
"5141","are lovers,","are lovers,"
"5143"," aren't you!"," aren't you!"
"5150","W-","W-"
"5152","w-","w-"
"5154","what!","what!"
"5159"," My boy!"," My boy!"
"5163","Mr. Grossberg.","Mr. Grossberg."
"5165","The other day,","The other day,"
"5167"," there was a"," there was a"
"5169","giant painting hanging on","giant painting hanging on"
"5171","that wall.","that wall."
"5173","I saw that painting","I saw that painting"
"5175","again,","again,"
"5177"," today."," today."
"5179","It was in the CEO's","It was in the CEO's"
"5181","office of Bluecorp.","office of Bluecorp."
"5183","It was a present,","It was a present,"
"5185"," wasn't it?"," wasn't it?"
"5189","Well,","Well,"
"5191"," my boy,"," my boy,"
"5196"," you have a"," you have a"
"5198","splendid imagination!","splendid imagination!"
"5202","I...","I..."
"5204"," I don't understand"," I don't understand"
"5206","how you could...","how you could..."
"5213","That's because I'm not,","That's because I'm not,"
"5216","we're not...","we're not..."
"5220","Don't be ridiculous!","Don't be ridiculous!"
"5225","(Hmm...","(Hmm..."
"5227"," I guess I was wrong."," I guess I was wrong."
"5230","But it just seemed so right!)","But it just seemed so right!)"
"5241","Mr. Grossberg,","Mr. Grossberg,"
"5243"," sir..."," sir..."
"5245","There was a giant painting","There was a giant painting"
"5247","hanging right there the","hanging right there the"
"5249","other day,","other day,"
"5251"," was there not?"," was there not?"
"5253","The one you said you had ""no","The one you said you had ""no"
"5255","intention of parting with""?","intention of parting with""?"
"5257","Well,","Well,"
"5259"," I saw it."," I saw it."
"5261"," Today."," Today."
"5263","It was in the CEO's office","It was in the CEO's office"
"5265","at Bluecorp.","at Bluecorp."
"5267"," "," "
"5270","Redd White's","Redd White's"
"5272","office.","office."
"5275","...","..."
"5278","So...","So..."
"5280"," you noticed."," you noticed."
"5282","I suppose I should have","I suppose I should have"
"5284","guessed you would.","guessed you would."
"5286"," It is"," It is"
"5288","a large painting...","a large painting..."
"5293","Mr. Grossberg,","Mr. Grossberg,"
"5295"," I know"," I know"
"5297","you and Mr. White are","you and Mr. White are"
"5299","connected somehow!","connected somehow!"
"5303","C-","C-"
"5307","connected,","connected,"
"5309"," you say?"," you say?"
"5313","Yes!","Yes!"
"5315"," And I know what"," And I know what"
"5317","it is...","it is..."
"5331","You're his ","You're his "
"5333","client,","client,"
"5335"," aren't you?"," aren't you?"
"5338","He's ","He's "
"5340","giving you information!","giving you information!"
"5346","What's that now?","What's that now?"
"5350","You've been protecting","You've been protecting"
"5352","him all along.","him all along."
"5354","You protect him because you","You protect him because you"
"5356","need his services!","need his services!"
"5359","...","..."
"5363","You gave him that painting","You gave him that painting"
"5365","in exchange for some valuable","in exchange for some valuable"
"5367","information,","information,"
"5369"," didn't you?"," didn't you?"
"5375","Utterly ridiculous.","Utterly ridiculous."
"5377","Me,","Me,"
"5379"," his client?"," his client?"
"5381"," I would never"," I would never"
"5383","willingly deal with that man.","willingly deal with that man."
"5388","Never!","Never!"
"5393","(Huh?","(Huh?"
"5395"," Did I get it wrong?)"," Did I get it wrong?)"
"5405","Mr. White has something on","Mr. White has something on"
"5407","you doesn't he?","you doesn't he?"
"5410","Blackmail?","Blackmail?"
"5417","...!","...!"
"5421","I think that painting","I think that painting"
"5423","is fairly gaudy proof.","is fairly gaudy proof."
"5426","...","..."
"5430","Very well.","Very well."
"5432"," This may be the"," This may be the"
"5434","chance I've been waiting for.","chance I've been waiting for."
"5436","Maybe it's time to get this","Maybe it's time to get this"
"5438","off my chest,","off my chest,"
"5440"," so I can finally"," so I can finally"
"5442","rest easy again.","rest easy again."
"5444","After all,","After all,"
"5446"," you were Mia's"," you were Mia's"
"5448","understudy.","understudy."
"5450"," Perhaps it"," Perhaps it"
"5452","was fate?","was fate?"
"5457","(What's he talking about...?)","(What's he talking about...?)"
"5466","It's not something I can","It's not something I can"
"5468","claim to understand...","claim to understand..."
"5471","But you and Mr. White","But you and Mr. White"
"5475","are lovers,","are lovers,"
"5477"," aren't you!"," aren't you!"
"5484","W-","W-"
"5486","w-","w-"
"5488","what!","what!"
"5490"," "," "
"5494","My boy!","My boy!"
"5498","You sent that painting to him!","You sent that painting to him!"
"5500","As a sign!","As a sign!"
"5503","A sign of undying love!","A sign of undying love!"
"5510","M-","M-"
"5512","m-","m-"
"5517","my boy,","my boy,"
"5519"," please!"," please!"
"5521"," "," "
"5523","You're letting your fancies","You're letting your fancies"
"5525","run away with you!","run away with you!"
"5530","Where do you get these","Where do you get these"
"5532","bizarre ideas?","bizarre ideas?"
"5536","I...","I..."
"5538"," I don't understand"," I don't understand"
"5540","how you could...","how you could..."
"5547","That's because I'm not,","That's because I'm not,"
"5550","we're not...","we're not..."
"5554","Don't be ridiculous!","Don't be ridiculous!"
"5557","...","..."
"5562","Enough.","Enough."
"5564","I'll swallow my pride and","I'll swallow my pride and"
"5566","tell you all.","tell you all."
"5571","(I knew it!","(I knew it!"
"5573"," They are"," They are"
"5575","lovers!)","lovers!)"
"5582","N-","N-"
"5584","no!","no!"
"5586"," We are NOT lovers!"," We are NOT lovers!"
"5601","Redd White is a man who","Redd White is a man who"
"5603","makes his living through","makes his living through"
"5605","intimidation.","intimidation."
"5607","Bluecorp is a company that","Bluecorp is a company that"
"5609","excels in finding people's","excels in finding people's"
"5611","weaknesses,","weaknesses,"
"5613"," I'm afraid."," I'm afraid."
"5615","I've been paying them","I've been paying them"
"5617","for 15 years now...","for 15 years now..."
"5624","(15 years...!)","(15 years...!)"
"5631","All because of the","All because of the"
"5633","""DL-6 Incident,"" as you","""DL-6 Incident,"" as you"
"5635","may have guessed.","may have guessed."
"5640","(The name on the back of","(The name on the back of"
"5642","those photographs!)","those photographs!)"
"5647","As you suspected,","As you suspected,"
"5649"," I could"," I could"
"5651","not stand in defense of ","not stand in defense of "
"5653","Maya because of this.","Maya because of this."
"5655","White would have destroyed","White would have destroyed"
"5657","me if I did.","me if I did."
"5664","(So that's the connection!)","(So that's the connection!)"
"5669","It is hard for me to tell","It is hard for me to tell"
"5671","you this,","you this,"
"5673"," my boy."," my boy."
"5676","But arresting Redd White","But arresting Redd White"
"5678","will be nigh on impossible.","will be nigh on impossible."
"5685","Impossible?","Impossible?"
"5687"," Why!?"," Why!?"
"5691","He has information on","He has information on"
"5693","everyone.","everyone."
"5695"," It gives him"," It gives him"
"5697","an iron grip!","an iron grip!"
"5699","He owns judges,","He owns judges,"
"5701"," attorneys,"," attorneys,"
"5704","prosecutors,","prosecutors,"
"5706"," police..."," police..."
"5708"," and"," and"
"5710","politicians.","politicians."
"5717","What!?","What!?"
"5721","They are bound,","They are bound,"
"5723"," unable"," unable"
"5725","to do harm to themselves,","to do harm to themselves,"
"5728","and therefore,","and therefore,"
"5730"," to him."," to him."
"5732","Don't look at me like that.","Don't look at me like that."
"5735","What you see is nothing more","What you see is nothing more"
"5737","than the weight of many years.","than the weight of many years."
"5749","What is the ""DL-6 Incident""?","What is the ""DL-6 Incident""?"
"5753","""DL-6"" is nothing more than","""DL-6"" is nothing more than"
"5755","the sorting code the police","the sorting code the police"
"5757","gave the case.","gave the case."
"5759","It was 15 years ago now...","It was 15 years ago now..."
"5761","I received a request from","I received a request from"
"5763","a medium.","a medium."
"5765"," A spirit medium."," A spirit medium."
"5773","(A medium...?)","(A medium...?)"
"5779","Her name was ","Her name was "
"5781","Misty Fey","Misty Fey"
"5783",".","."
"5788","(Fey!)","(Fey!)"
"5793","Indeed.","Indeed."
"5797","She was Mia's mother.","She was Mia's mother."
"5799","She had been investigating","She had been investigating"
"5801","a murder at the bequest of","a murder at the bequest of"
"5803","the police.","the police."
"5805","And...","And..."
"5807"," she failed."," she failed."
"5809","As a result,","As a result,"
"5811"," the police"," the police"
"5813","called her a fraud.","called her a fraud."
"5818","(This is what Maya was","(This is what Maya was"
"5820","talking about the other day!)","talking about the other day!)"
"5825","I did all I could for her,","I did all I could for her,"
"5828","and in the end,","and in the end,"
"5830"," cleared her"," cleared her"
"5832","of wrongdoing.","of wrongdoing."
"5834","That murder case,","That murder case,"
"5836"," however"," however"
"5838","remains unsolved to this day.","remains unsolved to this day."
"5840","That case,","That case,"
"5842"," is the"," is the"
"5844","DL-6 Incident.","DL-6 Incident."
"5854","But why were you blackmailed","But why were you blackmailed"
"5856","over this,","over this,"
"5858"," Mr. Grossberg?"," Mr. Grossberg?"
"5862","The DL-6 Incident was top-","The DL-6 Incident was top-"
"5864","secret at the time.","secret at the time."
"5866","It made sense.","It made sense."
"5868"," The police"," The police"
"5870","didn't want people to know","didn't want people to know"
"5872","they were using a medium!","they were using a medium!"
"5874","They couldn't let","They couldn't let"
"5877","people know.","people know."
"5879","But one person found out.","But one person found out."
"5883","I...","I..."
"5885"," "," "
"5888","I told him.","I told him."
"5892","You told ","You told "
"5894","White","White"
"5896","?","?"
"5901","He offered me riches...","He offered me riches..."
"5904","It is an embarrassment","It is an embarrassment"
"5906","to me now.","to me now."
"5908","Because I talked,","Because I talked,"
"5910"," the police"," the police"
"5912","were mocked far and wide.","were mocked far and wide."
"5914","In secret,","In secret,"
"5916"," they began looking"," they began looking"
"5918","for the one who sold them out.","for the one who sold them out."
"5920","Of course White heard about","Of course White heard about"
"5922","it,","it,"
"5924"," and he came to me."," and he came to me."
"5926","Only this time,","Only this time,"
"5928"," the offer"," the offer"
"5930","was blackmail.","was blackmail."
"5935","...","..."
"5937","I see.","I see."
"5941","...","..."
"5945","White controls the law of","White controls the law of"
"5947","this country as he sees fit.","this country as he sees fit."
"5949","Yet if you would still","Yet if you would still"
"5951","challenge him...","challenge him..."
"5955","Have a close look at","Have a close look at"
"5957","Mia's office.","Mia's office."
"5962","Mia's office...?","Mia's office...?"
"5966","She followed his every","She followed his every"
"5968","move for years.","move for years."
"5970","She may have recorded","She may have recorded"
"5972","something of what she found.","something of what she found."
"5982","Sorry,","Sorry,"
"5984"," sir."," sir."
"5987","I borrowed this.","I borrowed this."
"5991","Ah,","Ah,"
"5993"," so it was you,"," so it was you,"
"5995"," my boy."," my boy."
"5999","Who is this man?","Who is this man?"
"6003","Umm...","Umm..."
"6005"," it's a long story."," it's a long story."
"6008","I'll be needing that","I'll be needing that"
"6010","back now.","back now."
"6015","(He doesn't want to talk","(He doesn't want to talk"
"6017","about it for some reason...)","about it for some reason...)"
"6019","(I'd better give him back","(I'd better give him back"
"6021","this photograph.)","this photograph.)"
"6036","Photograph returned to","Photograph returned to"
"6038","Mr. Grossberg.","Mr. Grossberg."
"6050","I found this in","I found this in"
"6052","Mia's files...","Mia's files..."
"6056","So she was investigating","So she was investigating"
"6059","Redd White,","Redd White,"
"6061"," as I expected."," as I expected."
"6063","Well,","Well,"
"6065"," if you wanted to"," if you wanted to"
"6067","challenge him,","challenge him,"
"6069"," you could"," you could"
"6071","present this in court.","present this in court."
"6077","(Not a bad idea...)","(Not a bad idea...)"
"6087","Sorry,","Sorry,"
"6089"," my boy."," my boy."
"6091"," I don't think"," I don't think"
"6093","I can help you with that.","I can help you with that."
"6109","September 7","September 7"
"6111","Gatewater Hotel","Gatewater Hotel"
"6113","Room 303","Room 303"
"6128","Ah,","Ah,"
"6130"," welcome,"," welcome,"
"6132"," sir!"," sir!"
"6134","Quite the performance today,","Quite the performance today,"
"6137","if I dare say so myself.","if I dare say so myself."
"6143","Oh,","Oh,"
"6145"," um,"," um,"
"6147"," thanks."," thanks."
"6149","Sorry for putting you","Sorry for putting you"
"6151","on the spot like that.","on the spot like that."
"6158","No,","No,"
"6160"," no,"," no,"
"6162"," not at all,"," not at all,"
"6164"," sir!"," sir!"
"6166","Your efforts today can only","Your efforts today can only"
"6168","help the Gatewater's ""rep,""","help the Gatewater's ""rep,"""
"6170","as they say.","as they say."
"6176","Huh?","Huh?"
"6178"," ""Rep""?"," ""Rep""?"
"6182","Yes!","Yes!"
"6184"," Our reputation will"," Our reputation will"
"6186","swell as the hotel where the","swell as the hotel where the"
"6188","murderer used a wiretap!","murderer used a wiretap!"
"6190","We can charge a premium for","We can charge a premium for"
"6192","the room,","the room,"
"6194"," of course."," of course."
"6196"," It will"," It will"
"6198","be great for business,","be great for business,"
"6200"," sir!"," sir!"
"6204","Whoa,","Whoa,"
"6206"," "," "
"6208","whoa!","whoa!"
"6210"," Miss May hasn't"," Miss May hasn't"
"6212","been charged with murder.","been charged with murder."
"6218","I,","I,"
"6220"," too,"," too,"
"6222"," will become famous!"," will become famous!"
"6225","""The Bellboy who brought the","""The Bellboy who brought the"
"6227","murderer ice coffee""...!","murderer ice coffee""...!"
"6234","(Why do I feel like we're","(Why do I feel like we're"
"6236","both stuck in the same","both stuck in the same"
"6238","bad dream...)","bad dream...)"
"6245","So!","So!"
"6247"," You are our honored guest."," You are our honored guest."
"6250","Please let me know if there","Please let me know if there"
"6252","is anything I can bring you!","is anything I can bring you!"
"6262","A vase,","A vase,"
"6264"," as expected."," as expected."
"6266","I'm not good with flower","I'm not good with flower"
"6268","names,","names,"
"6270"," except maybe tulips"," except maybe tulips"
"6272","and sunflowers.","and sunflowers."
"6280","A bottle and two glasses","A bottle and two glasses"
"6282","rest on the table.","rest on the table."
"6284","Why hasn't he cleaned","Why hasn't he cleaned"
"6286","these up by now?","these up by now?"
"6297","Ah,","Ah,"
"6299"," I beg your pardon,"," I beg your pardon,"
"6301"," sir,"," sir,"
"6304","but if you could please","but if you could please"
"6306","refrain from touching those...","refrain from touching those..."
"6308","It's part of the decor.","It's part of the decor."
"6311","I call it:","I call it:"
"6313"," "," "
"6315","""The last drink...","""The last drink..."
"6318","before murder!""","before murder!"""
"6321","We'll be famous!","We'll be famous!"
"6323"," The talk"," The talk"
"6325","of the hotel industry!","of the hotel industry!"
"6337","Nice weather again today.","Nice weather again today."
"6339","I can see the Fey ＆ Co.","I can see the Fey ＆ Co."
"6341","Law Offices,","Law Offices,"
"6343"," of course."," of course."
"6354","Ah,","Ah,"
"6356"," yes."," yes."
"6358"," We plan to install"," We plan to install"
"6360","a telescope in that window,","a telescope in that window,"
"6363","of course.","of course."
"6367","Just $5.00 will earn you","Just $5.00 will earn you"
"6369","three minutes of a ""view to","three minutes of a ""view to"
"6371","a kill""!","a kill""!"
"6375","...","..."
"6381","J-","J-"
"6383","just kidding,","just kidding,"
"6385"," sir."," sir."
"6388","Oh ","Oh "
"6390","hoh ","hoh "
"6392","hoh ","hoh "
"6394","hoh!","hoh!"
"6400","(By that look in his eyes","(By that look in his eyes"
"6402","I'd say he was more than","I'd say he was more than"
"6404","serious...)","serious...)"
"6417","A simple bed.","A simple bed."
"6419","It's been recently made.","It's been recently made."
"6422","Nothing eye-catching here.","Nothing eye-catching here."
"6430","Ah.","Ah."
"6432"," A still-scene painting."," A still-scene painting."
"6435","Wait,","Wait,"
"6437"," should that be"," should that be"
"6439","""still life""?","""still life""?"
"6441","Whatever.","Whatever."
"6443"," One of those"," One of those"
"6445","is hanging on the wall.","is hanging on the wall."
"6453","Huh?","Huh?"
"6455"," There's still a"," There's still a"
"6457","screwdriver stuck in","screwdriver stuck in"
"6459","that drawer!","that drawer!"
"6470","Ah,","Ah,"
"6472"," please leave that"," please leave that"
"6474","as it is,","as it is,"
"6476"," sir."," sir."
"6478","That's the ""Drawer of Terror,","That's the ""Drawer of Terror,"
"6481","Hiding Place of the","Hiding Place of the"
"6483","Murderer's Wiretap.""","Murderer's Wiretap."""
"6485","It's set to become one","It's set to become one"
"6487","of the most popular","of the most popular"
"6489","attractions here.","attractions here."
"6495","(This guy's serious!","(This guy's serious!"
"6498","I don't believe it...)","I don't believe it...)"
"6512","No clues here.","No clues here."
"6521","About Miss May...","About Miss May..."
"6525","Oh,","Oh,"
"6527"," her?"," her?"
"6529"," Sir,"," Sir,"
"6531"," not to boast"," not to boast"
"6533","but I knew the moment I saw","but I knew the moment I saw"
"6535","her...","her..."
"6540","""She'd do it!""","""She'd do it!"""
"6543"," I said!"," I said!"
"6550","(Do WHAT!?","(Do WHAT!?"
"6552"," I'm starting to"," I'm starting to"
"6554","think the most suspicious","think the most suspicious"
"6556","person here is this guy!)","person here is this guy!)"
"6567","I wanted to ask you about","I wanted to ask you about"
"6569","the man who was with","the man who was with"
"6571","Miss May...?","Miss May...?"
"6575","Ah,","Ah,"
"6577"," yes..."," yes..."
"6579","He struck me as a real","He struck me as a real"
"6582","""Lady Killer,""","""Lady Killer,"""
"6584"," if you'll"," if you'll"
"6586","pardon the expression.","pardon the expression."
"6588","I knew it from the moment","I knew it from the moment"
"6590","I saw him,","I saw him,"
"6592"," sir."," sir."
"6594","He and I are of the same ilk.","He and I are of the same ilk."
"6597","We both carry the scent","We both carry the scent"
"6599","of...","of..."
"6601"," danger."," danger."
"6607","(There we are in total","(There we are in total"
"6609","agreement,","agreement,"
"6611"," Mr. Psycho"," Mr. Psycho"
"6613","Bellboy.)","Bellboy.)"
"6619","If you had a photo of","If you had a photo of"
"6621","that man,","that man,"
"6623"," I'm quite sure"," I'm quite sure"
"6625","I could identify him.","I could identify him."
"6630","(A photo.","(A photo."
"6632"," Hmm...)"," Hmm...)"
"6643","Could you tell me","Could you tell me"
"6645","about this hotel?","about this hotel?"
"6653","Absolutely!","Absolutely!"
"6657","And on that subject,","And on that subject,"
"6659"," I have"," I have"
"6661","an excellent idea,","an excellent idea,"
"6663"," sir!"," sir!"
"6665","Currently,","Currently,"
"6667"," this hotel"," this hotel"
"6669","is known as the ""Gatewater.""","is known as the ""Gatewater."""
"6671","I propose that we","I propose that we"
"6673","add a subtitle!","add a subtitle!"
"6677","A subtitle!?","A subtitle!?"
"6684","The Gatewater Hotel","The Gatewater Hotel"
"6691","-- Murder Manor --","-- Murder Manor --"
"6697","Well?","Well?"
"6702","What do you think?","What do you think?"
"6706","Um...","Um..."
"6708"," sounds great!"," sounds great!"
"6712","(Whatever floats","(Whatever floats"
"6714","your tea set...)","your tea set...)"
"6726","What about this photo?","What about this photo?"
"6730","Well,","Well,"
"6732"," it's a fine photo,"," it's a fine photo,"
"6734"," sir."," sir."
"6736","However,","However,"
"6738"," the person"," the person"
"6740","Miss May was accompanied","Miss May was accompanied"
"6742","by was,","by was,"
"6744"," well,"," well,"
"6746"," a man."," a man."
"6752","(Oh...","(Oh..."
"6754"," yeah."," yeah."
"6756"," Right.)"," Right.)"
"6768","Take a look at this photo.","Take a look at this photo."
"6772","...","..."
"6777","That's him,","That's him,"
"6779"," Detective."," Detective."
"6785","Um...","Um..."
"6787"," I'm the lawyer."," I'm the lawyer."
"6792","Oh,","Oh,"
"6794"," I know that!"," I know that!"
"6796","I just wanted to say ","I just wanted to say "
"6798","""Detective"" once.","""Detective"" once."
"6800"," "," "
"6802","You know how it is.","You know how it is."
"6807","(No.","(No."
"6809"," No I don't.)"," No I don't.)"
"6816","Without a doubt,","Without a doubt,"
"6818"," that is the"," that is the"
"6820","man who checked in with","man who checked in with"
"6822","Miss April May.","Miss April May."
"6824","How about I write an affidavit","How about I write an affidavit"
"6826","swearing that that's him!","swearing that that's him!"
"6830","An affidavit?","An affidavit?"
"6835","(This guy is way too","(This guy is way too"
"6837","excited about this...)","excited about this...)"
"6848","Well,","Well,"
"6850"," sure."," sure."
"6852"," Why not?"," Why not?"
"6859","Yes!","Yes!"
"6861","I've always wanted to","I've always wanted to"
"6863","write an affidavit,","write an affidavit,"
"6865"," sir."," sir."
"6867","From hence forth I will ","From hence forth I will "
"6869","be known as ""The Bellboy","be known as ""The Bellboy"
"6871","who swore the affidavit""!","who swore the affidavit""!"
"6878","Just hurry up and write it.","Just hurry up and write it."
"6884","Bellboy's Affidavit added","Bellboy's Affidavit added"
"6886","to the Court Record.","to the Court Record."
"6894","(Not even Miss May","(Not even Miss May"
"6896","can play dumb to this!)","can play dumb to this!)"
"6908","Well thanks","Well thanks"
"6910",",",","
"6912"," but I don't"," but I don't"
"6914","think that will be necessary.","think that will be necessary."
"6918","Oh?","Oh?"
"6920"," Oh,"," Oh,"
"6922"," I see."," I see."
"6924"," Well later"," Well later"
"6926","then,","then,"
"6928"," if you need it."," if you need it."
"6939","Sorry to press the","Sorry to press the"
"6941","matter,","matter,"
"6943"," but are you"," but are you"
"6945","sure this is him?","sure this is him?"
"6949","I,","I,"
"6951"," too,"," too,"
"6953"," am sorry to press"," am sorry to press"
"6955","the matter,","the matter,"
"6957"," but that is"," but that is"
"6959","him,","him,"
"6961"," Detective!"," Detective!"
"6966","Umm...","Umm..."
"6968"," thanks."," thanks."
"6978","Thanks for this.","Thanks for this."
"6982","No no no,","No no no,"
"6984"," not at all,"," not at all,"
"6986"," sir!"," sir!"
"6990","I hope you'll use it","I hope you'll use it"
"6993","to take that Miss May","to take that Miss May"
"6995","down hard,","down hard,"
"6997"," sir!"," sir!"
"6999"," Hard!"," Hard!"
"7006","(Why do I sense an unhealthy","(Why do I sense an unhealthy"
"7008","level of excitement behind","level of excitement behind"
"7010","that unchanging smile?)","that unchanging smile?)"
"7013","(His tea set is rattling!)","(His tea set is rattling!)"
"7023","I'm sorry...","I'm sorry..."
"7025","All I could think about during","All I could think about during"
"7027","the trial was the hotel...","the trial was the hotel..."
"7029","I wasn't paying much attention","I wasn't paying much attention"
"7031","to the evidence.","to the evidence."
"7041","Hmm.","Hmm."
"7043"," The bellboy "," The bellboy "
"7045","seems to be out.","seems to be out."
"7048","Huh?","Huh?"
"7050"," The sound of water"," The sound of water"
"7052","coming from the shower...","coming from the shower..."
"7058","""La-dee-da!","""La-dee-da!"
"7060"," Money-Makin'..."," Money-Makin'..."
"7063","Money-Makin'...","Money-Makin'..."
"7065"," I got the"," I got the"
"7067","Money-Makin'","Money-Makin'"
"7069"," blu"," blu"
"7071","uuues...""","uuues..."""
"7075","Someone seems to enjoy","Someone seems to enjoy"
"7077","washing the showers.","washing the showers."
"7085","A vase,","A vase,"
"7087"," as expected."," as expected."
"7089","I'm not good with flower","I'm not good with flower"
"7091","names,","names,"
"7093"," except maybe tulips"," except maybe tulips"
"7095","and sunflowers.","and sunflowers."
"7103","A bottle and two glasses","A bottle and two glasses"
"7105","rest on the table.","rest on the table."
"7107","I'd better not touch them.","I'd better not touch them."
"7110","No telling what the bellboy","No telling what the bellboy"
"7112","would do to me.","would do to me."
"7120","Nice weather again today.","Nice weather again today."
"7122","I can see the Fey ＆ Co.","I can see the Fey ＆ Co."
"7124","Law Offices,","Law Offices,"
"7126"," of course."," of course."
"7134","A simple bed.","A simple bed."
"7136","It's been recently made.","It's been recently made."
"7139","Nothing eye-catching here.","Nothing eye-catching here."
"7147","Ah.","Ah."
"7149"," A still-scene painting."," A still-scene painting."
"7152","Wait,","Wait,"
"7154"," should that be"," should that be"
"7156","""still life""?","""still life""?"
"7158","Whatever.","Whatever."
"7160"," One of those"," One of those"
"7162","is hanging on the wall.","is hanging on the wall."
"7170","The screwdriver is still","The screwdriver is still"
"7172","stuck in the drawer.","stuck in the drawer."
"7174","I'd better not touch it.","I'd better not touch it."
"7177","No telling what the bellboy","No telling what the bellboy"
"7179","would do to me.","would do to me."
"7188","No clues here.","No clues here."
"7204","September 7","September 7"
"7206","Bluecorp Inc.","Bluecorp Inc."
"7208","CEO's Office","CEO's Office"
"7218","...","..."
"7222","(What's with the surreal","(What's with the surreal"
"7224","décor...?)","décor...?)"
"7231","Welcome!","Welcome!"
"7233"," Please furnish "," Please furnish "
"7235","me with the title of your","me with the title of your"
"7237","personage!","personage!"
"7241","(","("
"7245","What the...?)","What the...?)"
"7255","Your name!","Your name!"
"7258","What's your name?","What's your name?"
"7260","I was just inquirably asking","I was just inquirably asking"
"7262","the title that you go by.","the title that you go by."
"7266","Uh...","Uh..."
"7268"," "," "
"7270","Wright.","Wright."
"7272"," Phoenix Wright."," Phoenix Wright."
"7277","(""Inquirably""...?)","(""Inquirably""...?)"
"7283","Mr. Wright,","Mr. Wright,"
"7285"," is it?"," is it?"
"7289","Right,","Right,"
"7291"," I see..."," I see..."
"7294","Splendiferous.","Splendiferous."
"7296","Perhaps I have intimidated","Perhaps I have intimidated"
"7298","you with my giantesque","you with my giantesque"
"7300","vocabulary...?","vocabulary...?"
"7305","(What is this guy's problem!)","(What is this guy's problem!)"
"7310","I'm Redd White,","I'm Redd White,"
"7312"," CEO of"," CEO of"
"7314","Bluecorp.","Bluecorp."
"7316"," You know,"," You know,"
"7319","Corporate Expansion Official?","Corporate Expansion Official?"
"7322","My business dealings","My business dealings"
"7324","bring me into contact with","bring me into contact with"
"7326","the elite of the elite.","the elite of the elite."
"7329","So I'm afraid I am not","So I'm afraid I am not"
"7331","used to conversing with the","used to conversing with the"
"7333","wordily-challenged.","wordily-challenged."
"7341","(What a fruitcake!)","(What a fruitcake!)"
"7347","Hmmm,","Hmmm,"
"7349"," let me guess..."," let me guess..."
"7352","You are an attorney fresh out","You are an attorney fresh out"
"7354","of law school,","of law school,"
"7356"," are you not?"," are you not?"
"7359","That's the only explanation","That's the only explanation"
"7361","for why you would come to","for why you would come to"
"7363","meet me like this!","meet me like this!"
"7370","(What does he mean by that?)","(What does he mean by that?)"
"7375","No matter.","No matter."
"7377","So,","So,"
"7379"," what business does a"," what business does a"
"7381","""mighty"" lawyer have with","""mighty"" lawyer have with"
"7383","a man such as myself?","a man such as myself?"
"7389","(Yipes!","(Yipes!"
"7391"," This guy's arrogance"," This guy's arrogance"
"7393","meter is off the scale!)","meter is off the scale!)"
"7407","...","..."
"7412","Mr. Wrong,","Mr. Wrong,"
"7414"," was it?"," was it?"
"7419","Wright.","Wright."
"7423","It appears you do not fully","It appears you do not fully"
"7425","grasp your position here.","grasp your position here."
"7428","I ask again.","I ask again."
"7431"," Who are you?"," Who are you?"
"7438","Umm...","Umm..."
"7440"," huh?"," huh?"
"7442"," A lawyer?"," A lawyer?"
"7446","No,","No,"
"7448"," my feeble friend."," my feeble friend."
"7452","A ""mere"" lawyer.","A ""mere"" lawyer."
"7458","Worth nothing.","Worth nothing."
"7460"," "," "
"7462","Zilch.","Zilch."
"7464"," Zippo."," Zippo."
"7466"," Nada!"," Nada!"
"7469","Just like that sorry excuse","Just like that sorry excuse"
"7471","for an attorney,","for an attorney,"
"7473"," Grodyburger!"," Grodyburger!"
"7482","(Wh-","(Wh-"
"7484","what!?)","what!?)"
"7495","Ungh!","Ungh!"
"7497"," "," "
"7505","Oof...!","Oof...!"
"7518","Unh...","Unh..."
"7520"," "," "
"7522","uhhh...","uhhh..."
"7524"," "," "
"7529","(He...","(He..."
"7531"," he "," he "
"7533","punched me!)","punched me!)"
"7540","Well,","Well,"
"7542"," Mr. Lawyer."," Mr. Lawyer."
"7544"," "," "
"7546","What will you do,","What will you do,"
"7548"," eh?"," eh?"
"7551","Charge me with assault?","Charge me with assault?"
"7554","Charge away,","Charge away,"
"7556"," I welcome it!"," I welcome it!"
"7559","For it is YOU who will ","For it is YOU who will "
"7561","be found guilty!","be found guilty!"
"7568","What...?","What...?"
"7574","Heed my exposition!","Heed my exposition!"
"7578","The police,","The police,"
"7580"," the courts,"," the courts,"
"7583","they all do my bidding.","they all do my bidding."
"7588","(So you say...)","(So you say...)"
"7590","(But I wonder...","(But I wonder..."
"7592"," Is that kind"," Is that kind"
"7594","of control really possible?)","of control really possible?)"
"7599","I don't expect you to","I don't expect you to"
"7601","understand.","understand."
"7603"," It is a world"," It is a world"
"7605","beyond your compensation.","beyond your compensation."
"7608","...","..."
"7612","You came here from ","You came here from "
"7614","Grodyburger's,","Grodyburger's,"
"7616"," I presume?"," I presume?"
"7620","Mr. Grossberg's...","Mr. Grossberg's..."
"7622"," "," "
"7624","yes.","yes."
"7628","Then you must ask him:","Then you must ask him:"
"7631","Why is it that this painting","Why is it that this painting"
"7633","of his hangs here?","of his hangs here?"
"7635","Perhaps then he will","Perhaps then he will"
"7637","tell you?","tell you?"
"7641","Perhaps he will explain","Perhaps he will explain"
"7643","how a man can live life","how a man can live life"
"7645","purely for personal profit!","purely for personal profit!"
"7648","...","..."
"7653","Go now!","Go now!"
"7655"," Skedaddle!"," Skedaddle!"
"7659","There is nothing more","There is nothing more"
"7661","to discuss!","to discuss!"
"7676","A statue of a man holding","A statue of a man holding"
"7678","up the world.","up the world."
"7680","The ""Bluecorp"" sign certainly","The ""Bluecorp"" sign certainly"
"7682","stands out enough...","stands out enough..."
"7684","The model for the man is,","The model for the man is,"
"7687","of course,","of course,"
"7689"," Mr. White."," Mr. White."
"7700","Truly a work of art!","Truly a work of art!"
"7702"," But,"," But,"
"7705","probably too beautacious for","probably too beautacious for"
"7707","you to appreciate,","you to appreciate,"
"7709"," correct?"," correct?"
"7716","(I think it's a little too","(I think it's a little too"
"7718","""beautacious"" for just about","""beautacious"" for just about"
"7720","anyone to appreciate.)","anyone to appreciate.)"
"7732","I'm guessing this is","I'm guessing this is"
"7734","supposed to be a desk?","supposed to be a desk?"
"7736","My my...","My my..."
"7739","This is quite the...","This is quite the..."
"7741"," thing."," thing."
"7750","It is modeled on my body,","It is modeled on my body,"
"7752"," see?"," see?"
"7754","Well?","Well?"
"7756"," Does its sleek"," Does its sleek"
"7758","roundature not...","roundature not..."
"7760"," inspire you?"," inspire you?"
"7774","...?","...?"
"7776","Haven't I seen this","Haven't I seen this"
"7779","somewhere...?","somewhere...?"
"7781"," "," "
"7783","Is this a replica?","Is this a replica?"
"7792","Ridiculosity!","Ridiculosity!"
"7794"," I have no"," I have no"
"7796","interest in anything but","interest in anything but"
"7798","originals.","originals."
"7800","That right there is a bona","That right there is a bona"
"7802","fide original!","fide original!"
"7804"," Worth five"," Worth five"
"7806","million,","million,"
"7808"," for sure."," for sure."
"7812","Hmmm...","Hmmm..."
"7825","An impressive line-up","An impressive line-up"
"7827","of trophies.","of trophies."
"7829","""Judges Special Runner-up""","""Judges Special Runner-up"""
"7832","""Best Participation""","""Best Participation"""
"7834","""Judges Cooperation Award""","""Judges Cooperation Award"""
"7837","""Special Good Try Prize""","""Special Good Try Prize"""
"7839","Hmm.","Hmm."
"7841"," The words ""Judges"" and"," The words ""Judges"" and"
"7843","""Special"" kind of stand out.","""Special"" kind of stand out."
"7851","This is the top floor","This is the top floor"
"7853","of a 20-story building.","of a 20-story building."
"7855","The view is quite...","The view is quite..."
"7858","presidential.","presidential."
"7871","Miss May is an employee of","Miss May is an employee of"
"7873","Bluecorp,","Bluecorp,"
"7875"," is she not?"," is she not?"
"7879","Correct.","Correct."
"7883","She was my secretariat.","She was my secretariat."
"7886","What a shock it was to","What a shock it was to"
"7888","hear what she has done!","hear what she has done!"
"7892","""What she has done""...","""What she has done""..."
"7895","You mean the wiretap?","You mean the wiretap?"
"7902","Inde","Inde"
"7904","ed!","ed!"
"7906"," She is paid to"," She is paid to"
"7908","answer phones.","answer phones."
"7910"," Tapping them"," Tapping them"
"7912","is NOT in her job description.","is NOT in her job description."
"7914","She does gather information","She does gather information"
"7916","for us as part of her duties.","for us as part of her duties."
"7919","But,","But,"
"7921"," I assure you,"," I assure you,"
"7923"," we do"," we do"
"7925","not condone illegal methods!","not condone illegal methods!"
"7930","It is ineffable that","It is ineffable that"
"7932","she would do this.","she would do this."
"7937","(It sounds like he's","(It sounds like he's"
"7939","trying to turn Miss May","trying to turn Miss May"
"7941","into a scapegoat...)","into a scapegoat...)"
"7955","On the night of the murder","On the night of the murder"
"7957","were you in April May's","were you in April May's"
"7959","hotel room?","hotel room?"
"7963","Who can say?","Who can say?"
"7965"," I seldom pay"," I seldom pay"
"7967","attention to mundane details","attention to mundane details"
"7969","such as time and place.","such as time and place."
"7972","My motto is:","My motto is:"
"7978","""Don't worry,","""Don't worry,"
"7980"," be happy!"""," be happy!"""
"7985","Still,","Still,"
"7987"," Mr. White..."," Mr. White..."
"7989","The hotel bellboy has stated","The hotel bellboy has stated"
"7991","on the record that he does","on the record that he does"
"7993","remember you very clearly.","remember you very clearly."
"7996","...","..."
"8002","No matter!","No matter!"
"8004"," The bellboy"," The bellboy"
"8006","can say what he pleases.","can say what he pleases."
"8009","I still won't talk to you.","I still won't talk to you."
"8011","If you want me to speak,","If you want me to speak,"
"8014","put me on the witness stand!","put me on the witness stand!"
"8017","Although I doubt you'd be","Although I doubt you'd be"
"8019","capable of doing that.","capable of doing that."
"8024","(Hmm.","(Hmm."
"8026"," He raises a good"," He raises a good"
"8028","question,","question,"
"8030"," actually...)"," actually...)"
"8037","(Why didn't the prosecution","(Why didn't the prosecution"
"8039","call him as a witness?)","call him as a witness?)"
"8043","(He should have ""seen"" the","(He should have ""seen"" the"
"8045","same thing as April May!)","same thing as April May!)"
"8051","Oh ","Oh "
"8054","hoh ","hoh "
"8057","hoh.","hoh."
"8060","The police...","The police..."
"8062"," The courts..."," The courts..."
"8064"," "," "
"8069","To me they are mere toys.","To me they are mere toys."
"8073","Playthings for my amusement!","Playthings for my amusement!"
"8083","What kind of company","What kind of company"
"8085","is Bluecorp,","is Bluecorp,"
"8087"," anyway?"," anyway?"
"8094","Ah,","Ah,"
"8096"," excellent question!"," excellent question!"
"8098","We buy and sell various","We buy and sell various"
"8100","kinds of information.","kinds of information."
"8102","We are a company of the","We are a company of the"
"8104","future!","future!"
"8106"," You might say,"," You might say,"
"8109","we ARE the future!","we ARE the future!"
"8114","(Sell...","(Sell..."
"8116"," information?)"," information?)"
"8122","In just 10 years,","In just 10 years,"
"8124"," I've built"," I've built"
"8126","this business up into the","this business up into the"
"8128","grand office you see now.","grand office you see now."
"8130","Ah,","Ah,"
"8132"," in case you were"," in case you were"
"8134","wondering,","wondering,"
"8136"," Bluecorp was"," Bluecorp was"
"8138","named after the color ""blue""!","named after the color ""blue""!"
"8143","I,","I,"
"8145"," Redd White of Bluecorp,"," Redd White of Bluecorp,"
"8148","as founder and CEO,","as founder and CEO,"
"8150"," named"," named"
"8152","it so!","it so!"
"8154","And why,","And why,"
"8156"," you ask?"," you ask?"
"8158"," Because I"," Because I"
"8160","like the color blue of course!","like the color blue of course!"
"8165","Fantabulistic,","Fantabulistic,"
"8167"," is it not?"," is it not?"
"8176","Uh...","Uh..."
"8178"," there's something"," there's something"
"8180","that's been bothering me.","that's been bothering me."
"8185","Yes?","Yes?"
"8187"," What might that be?"," What might that be?"
"8191","That big painting on","That big painting on"
"8193","the wall over there...","the wall over there..."
"8204","It's a very striking","It's a very striking"
"8206","piece of art.","piece of art."
"8210","Magnificentatious,","Magnificentatious,"
"8212"," isn't it!"," isn't it!"
"8216","Yeah.","Yeah."
"8219","...","..."
"8224","(Why am I making","(Why am I making"
"8226","small talk...?)","small talk...?)"
"8237","You know,","You know,"
"8239"," I've actually"," I've actually"
"8241","seen that painting before.","seen that painting before."
"8246","Oh?","Oh?"
"8250","Just yesterday,","Just yesterday,"
"8252"," actually."," actually."
"8257","Your point being...?","Your point being...?"
"8262","My point is simple.","My point is simple."
"8265","Er,","Er,"
"8267"," rather,"," rather,"
"8269"," my question"," my question"
"8271","is simple:","is simple:"
"8275","Why is that painting","Why is that painting"
"8277","hanging on your wall?","hanging on your wall?"
"8284","Say,","Say,"
"8286"," when did you"," when did you"
"8288","get that painting?","get that painting?"
"8293","...","..."
"8297","Hmm...","Hmm..."
"8299"," no idea!"," no idea!"
"8302","I forgot!","I forgot!"
"8306","I've seen that painting","I've seen that painting"
"8308","before.","before."
"8310"," Yesterday,"," Yesterday,"
"8312"," in fact."," in fact."
"8317","Why do I find that","Why do I find that"
"8319","painting here today?","painting here today?"
"8329","Would you be kind enough to","Would you be kind enough to"
"8331","cease your inane chattering","cease your inane chattering"
"8333","and vacate the premises?","and vacate the premises?"
"8336","Let me put it in language","Let me put it in language"
"8338","you are sure to understand:","you are sure to understand:"
"8342","Shut up and get out!","Shut up and get out!"
"8346","I have nothing","I have nothing"
"8348","more to say.","more to say."
"8360","About this wiretap...","About this wiretap..."
"8364","Ah,","Ah,"
"8366"," the one that Miss May"," the one that Miss May"
"8368","used,","used,"
"8370"," right?"," right?"
"8375","Bad girl.","Bad girl."
"8377"," Bad,"," Bad,"
"8379"," bad girl."," bad girl."
"8383","She testified that she placed","She testified that she placed"
"8385","the wiretap at your request.","the wiretap at your request."
"8389","How pathetic.","How pathetic."
"8391"," I guess she's"," I guess she's"
"8393","trying to pass the buck.","trying to pass the buck."
"8397","Bad,","Bad,"
"8399"," bad girl."," bad girl."
"8401","Sorry I can't help you.","Sorry I can't help you."
"8404","I know nothing.","I know nothing."
"8410","(I'm going to need hard","(I'm going to need hard"
"8412","evidence to get anything","evidence to get anything"
"8414","out of this guy...)","out of this guy...)"
"8427","About this picture...","About this picture..."
"8434","Gorgeous!","Gorgeous!"
"8437","That's a picture of me!","That's a picture of me!"
"8439","Ah,","Ah,"
"8441"," I see it was taken in"," I see it was taken in"
"8443","the prime of my youth.","the prime of my youth."
"8445"," About"," About"
"8447","10 years ago,","10 years ago,"
"8449"," at a guess."," at a guess."
"8453","The hotel bellboy says he","The hotel bellboy says he"
"8455","saw this man on the night","saw this man on the night"
"8457","of the murder.","of the murder."
"8461","...","..."
"8468","On closer inspection,","On closer inspection,"
"8470"," he does"," he does"
"8472","look a lot like me,","look a lot like me,"
"8474"," but I'm"," but I'm"
"8476","afraid this is someone else.","afraid this is someone else."
"8479","Nope.","Nope."
"8481"," That's definitely not"," That's definitely not"
"8483","me.","me."
"8485"," He's far too young."," He's far too young."
"8496","I am terribly sorry.","I am terribly sorry."
"8498","But that really doesn't seem","But that really doesn't seem"
"8500","to concern me at all.","to concern me at all."
"8516","Well,","Well,"
"8518"," aren't you persistent."," aren't you persistent."
"8522","Sorry,","Sorry,"
"8524"," but there's something"," but there's something"
"8526","I have to ask you.","I have to ask you."
"8530","Mr. Lawyer,","Mr. Lawyer,"
"8532","I really hate having to","I really hate having to"
"8534","repeat myself...","repeat myself..."
"8540","But it seems the message has","But it seems the message has"
"8542","not yet penetrated your thick","not yet penetrated your thick"
"8544","skull...","skull..."
"8547"," Stop bothering me!"," Stop bothering me!"
"8553","If you try my patience","If you try my patience"
"8555","further,","further,"
"8557"," I fear a nasty"," I fear a nasty"
"8559","accident may occur.","accident may occur."
"8561","Do I make myself clear?","Do I make myself clear?"
"8570","(Transparent...)","(Transparent...)"
"8583","What a bizarre accusation.","What a bizarre accusation."
"8585","Mr. Wrong...","Mr. Wrong..."
"8589","What is it that you should be","What is it that you should be"
"8591","doing now?","doing now?"
"8593"," Investigating me?"," Investigating me?"
"8596","No ","No "
"8598","no ","no "
"8600","no.","no."
"8602"," I think not!"," I think not!"
"8605","You should be searching for","You should be searching for"
"8607","the one who killed Miss Mia!","the one who killed Miss Mia!"
"8618","*beep*","*beep*"
"8626","[Secretary's Office,","[Secretary's Office,"
"8628"," hello?]"," hello?]"
"8633","Mr. Wrong will","Mr. Wrong will"
"8635","be leaving now.","be leaving now."
"8640","[Yes,","[Yes,"
"8642"," sir."," sir."
"8644"," I'll send"," I'll send"
"8647","someone right away.]","someone right away.]"
"8654","Wait a second,","Wait a second,"
"8656"," Mr. White..."," Mr. White..."
"8669","You are absolutely right.","You are absolutely right."
"8671","I should be looking","I should be looking"
"8673","for the killer now.","for the killer now."
"8676","And actually,","And actually,"
"8678"," I've done"," I've done"
"8680","better.","better."
"8682"," I've found him."," I've found him."
"8686","He's sitting right","He's sitting right"
"8688","in front of me.","in front of me."
"8698","You're wrong,","You're wrong,"
"8700"," Mr. White."," Mr. White."
"8704","Excuse me?","Excuse me?"
"8708","What I should be doing","What I should be doing"
"8712","now is going after you!","now is going after you!"
"8720","Just what are you insinuating?","Just what are you insinuating?"
"8725","Mia was on to you.","Mia was on to you."
"8728","She was keeping tabs.","She was keeping tabs."
"8730","For this reason you had April","For this reason you had April"
"8732","May tapping her phone.","May tapping her phone."
"8734","Then,","Then,"
"8736"," Mia was murdered,"," Mia was murdered,"
"8739","and all the documents about","and all the documents about"
"8741","you mysteriously disappeared.","you mysteriously disappeared."
"8746","So,","So,"
"8748"," the culprit would be...?"," the culprit would be...?"
"8753","...","..."
"8760","Even a child could work","Even a child could work"
"8762","it out,","it out,"
"8764"," Mr. White."," Mr. White."
"8769","You did it!","You did it!"
"8775","...","..."
"8788","*beep*","*beep*"
"8796","[Secretary's office.]","[Secretary's office.]"
"8801","We won't be needing an escort","We won't be needing an escort"
"8803","for Mr. Wrong.","for Mr. Wrong."
"8805","Instead,","Instead,"
"8807"," please connect"," please connect"
"8809","me to the public","me to the public"
"8811","prosecutor's office.","prosecutor's office."
"8817","[Of course,","[Of course,"
"8819"," sir."," sir."
"8822","One moment please...]","One moment please...]"
"8824","...","..."
"8831","[White?","[White?"
"8833"," That you?"," That you?"
"8835"," What are"," What are"
"8837","you doing calling me at","you doing calling me at"
"8839","a time like this!?]","a time like this!?]"
"8844","Hello.","Hello."
"8846"," Chief Prosecutor?"," Chief Prosecutor?"
"8848","I've changed my mind.","I've changed my mind."
"8851","I want to testify tomorrow.","I want to testify tomorrow."
"8856","[What's this about?]","[What's this about?]"
"8861","The Mia Fey case.","The Mia Fey case."
"8866","I witnessed the murder,","I witnessed the murder,"
"8869","you see.","you see."
"8873","And,","And,"
"8875"," thus,"," thus,"
"8877"," as a very"," as a very"
"8879","important witness,","important witness,"
"8881"," I would"," I would"
"8883","like to testify.","like to testify."
"8888","[What?","[What?"
"8890"," Why now?"," Why now?"
"8893","I thought you said you","I thought you said you"
"8895","didn't want to go to court?]","didn't want to go to court?]"
"8903","Quietude...!","Quietude...!"
"8906","I told you I changed my","I told you I changed my"
"8908","mind,","mind,"
"8910"," didn't I?"," didn't I?"
"8913","Oh,","Oh,"
"8915"," and one other thing."," and one other thing."
"8917","Send the police over","Send the police over"
"8919","here right away.","here right away."
"8922","The man is standing right","The man is standing right"
"8924","in front of me.","in front of me."
"8926"," He looks dazed"," He looks dazed"
"8928","but could be violent!","but could be violent!"
"8934","[What?","[What?"
"8936"," What man?]"," What man?]"
"8941","Are you even listening?","Are you even listening?"
"8947","The ","The "
"8949","executioner!","executioner!"
"8951"," The "," The "
"8953","hatchet-","hatchet-"
"8955","man!","man!"
"8957"," The "," The "
"8959","liquidator...","liquidator..."
"8961"," "," "
"8963","The killer,","The killer,"
"8965"," man!"," man!"
"8973","Wh","Wh"
"8975","at!","at!"
"8977","?","?"
"8981","[Mr. ","[Mr. "
"8983","White...","White..."
"8985"," "," "
"8987","this isn't","this isn't"
"8989","another one of those...]","another one of those...]"
"8995","Chief Prosecutor.","Chief Prosecutor."
"8999","I do not believe you are in","I do not believe you are in"
"9001","a position to freely offer","a position to freely offer"
"9003","your opinions to me,","your opinions to me,"
"9005"," correct?"," correct?"
"9009","I'm telling you to send","I'm telling you to send"
"9011","the police,","the police,"
"9013"," now!"," now!"
"9024","*beep*","*beep*"
"9033","...","..."
"9037","Did I not tell you,","Did I not tell you,"
"9040","Mr. Wrong?","Mr. Wrong?"
"9042","You are a mere lawyer!","You are a mere lawyer!"
"9045","As was Miss Mia.","As was Miss Mia."
"9053","How dare you!","How dare you!"
"9057","I'll point the finger at you,","I'll point the finger at you,"
"9060","and you will be tried as","and you will be tried as"
"9062","Miss Mia's killer!","Miss Mia's killer!"
"9067","The case is as good as","The case is as good as"
"9069","settled.","settled."
"9071"," No lawyer of any"," No lawyer of any"
"9073","worth will defend you.","worth will defend you."
"9075","I have friends in the local","I have friends in the local"
"9077","lawyer's association,","lawyer's association,"
"9079"," you see."," you see."
"9082","You'll be given a lawyer so","You'll be given a lawyer so"
"9084","stupendously inept that they","stupendously inept that they"
"9086","make even you look competent.","make even you look competent."
"9094","(I...","(I..."
"9096"," I feel "," I feel "
"9098","faint.)","faint.)"
"9111","Detective Gumshoe,","Detective Gumshoe,"
"9114","reporting,","reporting,"
"9116"," sir!"," sir!"
"9121","Aaa!","Aaa!"
"9123"," Butz!"," Butz!"
"9125"," Hairy Butz!"," Hairy Butz!"
"9128","Wright,","Wright,"
"9130"," actually."," actually."
"9132"," Phoenix"," Phoenix"
"9134","Wright.","Wright."
"9136"," And my friend's"," And my friend's"
"9138","name is ""Larry""...","name is ""Larry""..."
"9143","Oh,","Oh,"
"9145"," right!"," right!"
"9147"," Sorry,"," Sorry,"
"9149"," pal."," pal."
"9152","Butz was that murderer,","Butz was that murderer,"
"9154"," right?"," right?"
"9165","Detective Gumshoe.","Detective Gumshoe."
"9170","I present to you,","I present to you,"
"9172"," the man"," the man"
"9174","who killed Miss Mia Fey!","who killed Miss Mia Fey!"
"9188","W-","W-"
"9191","what!","what!"
"9193","?","?"
"9204","Take this despicable human","Take this despicable human"
"9206","being into custody.","being into custody."
"9211","...","..."
"9216","Farewell,","Farewell,"
"9218"," Mr. Wrong!"," Mr. Wrong!"
"9231","A statue of a man holding","A statue of a man holding"
"9233","up the world.","up the world."
"9235","The ""Bluecorp"" sign certainly","The ""Bluecorp"" sign certainly"
"9237","stands out enough...","stands out enough..."
"9239","The model for the man is,","The model for the man is,"
"9242","of course,","of course,"
"9244"," Mr. White."," Mr. White."
"9252","I'm guessing this is","I'm guessing this is"
"9254","supposed to be a desk?","supposed to be a desk?"
"9256","My my...","My my..."
"9259","This is quite the...","This is quite the..."
"9261"," thing."," thing."
"9269","This painting was,","This painting was,"
"9271"," until"," until"
"9273","yesterday,","yesterday,"
"9275"," hanging in "," hanging in "
"9277","Mr. Grossberg's office.","Mr. Grossberg's office."
"9279","Why does White have it now?","Why does White have it now?"
"9281","It's not hard to imagine","It's not hard to imagine"
"9283","a few possibilities.","a few possibilities."
"9291","An impressive line-up","An impressive line-up"
"9293","of trophies.","of trophies."
"9295","""Judges Special Runner-up""","""Judges Special Runner-up"""
"9298","""Best Participation""","""Best Participation"""
"9300","""Judges Cooperation Award""","""Judges Cooperation Award"""
"9303","""Special Good Try Prize""","""Special Good Try Prize"""
"9305","Hmm.","Hmm."
"9307"," The words ""Judges"" and"," The words ""Judges"" and"
"9309","""Special"" kind of stand out.","""Special"" kind of stand out."
"9311","He probably strong-armed","He probably strong-armed"
"9313","them into giving him","them into giving him"
"9315","something.","something."
"9323","This is the top floor","This is the top floor"
"9325","of a 20-story building.","of a 20-story building."
"9327","The view is quite...","The view is quite..."
"9330","presidential.","presidential."
"9340","(I think we're past needing","(I think we're past needing"
"9342","to talk about April May.)","to talk about April May.)"
"9344","(I've got to put this guy","(I've got to put this guy"
"9346","on the spot,","on the spot,"
"9348"," and quick!)"," and quick!)"
"9353","Hmm?","Hmm?"
"9355"," What's the matter?"," What's the matter?"
"9358","You seem...","You seem..."
"9360"," distressed!"," distressed!"
"9370","(This guy is a pro at pulling","(This guy is a pro at pulling"
"9372","the wool over people's eyes.)","the wool over people's eyes.)"
"9374","(I've got to put him on the","(I've got to put him on the"
"9376","spot,","spot,"
"9378"," and quick!)"," and quick!)"
"9383","Stop that!","Stop that!"
"9385"," Your hot "," Your hot "
"9387","gaze is","gaze is"
"9389","giving me goose bumps!","giving me goose bumps!"
"9400","(There's no point asking","(There's no point asking"
"9402","someone this crooked a","someone this crooked a"
"9404","straight question!)","straight question!)"
"9406","(I need some evidence I can","(I need some evidence I can"
"9408","use as ammo...)","use as ammo...)"
"9413","What's wrong?","What's wrong?"
"9415"," Is something"," Is something"
"9417","stuck to my face?","stuck to my face?"
"9419","Why yes!","Why yes!"
"9421"," There's my eyes,"," There's my eyes,"
"9424","and my nose,","and my nose,"
"9426"," and my mouth..."," and my mouth..."
"9429","But of course I jest.","But of course I jest."
"9432","You need not restrain","You need not restrain"
"9434","your mirth,","your mirth,"
"9436"," my friend!"," my friend!"
"9438","It is okay to indulge in my","It is okay to indulge in my"
"9440","cosmopolitan sense of humor.","cosmopolitan sense of humor."
"9443","I will not think less of you.","I will not think less of you."
"9454","(This is the only clue","(This is the only clue"
"9456","that Mia left me...)","that Mia left me...)"
"9458","(I'd better make this","(I'd better make this"
"9460","one count!)","one count!)"
"9464","Mr. White...","Mr. White..."
"9466"," see this?"," see this?"
"9469","It's an article describing","It's an article describing"
"9471","the suicide of a politician.","the suicide of a politician."
"9474","...","..."
"9477","He was embezzling secret","He was embezzling secret"
"9479","government funds.","government funds."
"9481","Then,","Then,"
"9483"," one day,"," one day,"
"9485"," word got"," word got"
"9487","leaked to the press.","leaked to the press."
"9489","The very next day he took","The very next day he took"
"9491","his own life.","his own life."
"9495","And this concerns me how...?","And this concerns me how...?"
"9500","I found this article","I found this article"
"9502","in Mia's office.","in Mia's office."
"9508","Miss Mia...?","Miss Mia...?"
"9512","She had a file filled with","She had a file filled with"
"9514","articles like this.","articles like this."
"9516","Every one of them was labeled","Every one of them was labeled"
"9518","with a single word...","with a single word..."
"9523","""White.""","""White."""
"9527","...!","...!"
"9530","Mr. White,","Mr. White,"
"9532"," I know what"," I know what"
"9535","you did to this politician.","you did to this politician."
"9546","You were spying on him,","You were spying on him,"
"9549","weren't you?","weren't you?"
"9555","""Spying""...?","""Spying""...?"
"9559","You snooped on him,","You snooped on him,"
"9561"," and found"," and found"
"9563","out about the embezzlement.","out about the embezzlement."
"9565","Then,","Then,"
"9567"," when you revealed"," when you revealed"
"9569","it,","it,"
"9571"," "," "
"9575","he was driven to suicide!","he was driven to suicide!"
"9579","Mr. Lawyer.","Mr. Lawyer."
"9581","I know nothing of this.","I know nothing of this."
"9583","And,","And,"
"9585"," even in the highly"," even in the highly"
"9587","unlikely event that I did","unlikely event that I did"
"9589","do such a thing...","do such a thing..."
"9592","All I would have done is","All I would have done is"
"9594","provide ""information."" That is","provide ""information."" That is"
"9596","not a crime in this country.","not a crime in this country."
"9603","(Gah!","(Gah!"
"9605"," This guy's as cool"," This guy's as cool"
"9607","as a cucumber...!)","as a cucumber...!)"
"9617","You bribed him!","You bribed him!"
"9624","B-","B-"
"9626","bribed!?","bribed!?"
"9629","...","..."
"9632","What exactly has led","What exactly has led"
"9634","you to say this?","you to say this?"
"9639","(Um...","(Um..."
"9641"," "," "
"9643","gee,","gee,"
"9645"," that's a good"," that's a good"
"9647","question.","question."
"9649"," I guess I got"," I guess I got"
"9651","ahead of myself there...)","ahead of myself there...)"
"9658","Hmph.","Hmph."
"9660"," You certainly have an"," You certainly have an"
"9662","active imagination.","active imagination."
"9669","(Dammit!)","(Dammit!)"
"9679","You were blackmailing him!","You were blackmailing him!"
"9685","Blackmail?","Blackmail?"
"9689","Not just him,","Not just him,"
"9691"," either."," either."
"9693"," You were"," You were"
"9695","threatening and coercing","threatening and coercing"
"9697","hundreds of others!","hundreds of others!"
"9699","You were involved in all of","You were involved in all of"
"9701","the suicide cases that Mia","the suicide cases that Mia"
"9703","investigated!","investigated!"
"9705","This company is built","This company is built"
"9707","on blackmail!","on blackmail!"
"9710","I'm right,","I'm right,"
"9712"," aren't I?"," aren't I?"
"9719","I have no intention of","I have no intention of"
"9721","parleying with you about","parleying with you about"
"9723","this matter.","this matter."
