"index","original_content","translated_content"
"34","Brrring...","Др-р-р-ринь!..."
"37","   Brrrrring...","   Др-р-р-ринь!..."
"50","*beep*","*біп*"
"60","Hello? ","Алло? "
"62","This is Maya.","Це Мая."
"67","Hey ","Гей "
"69","Maya,","Мая,"
"71"," it's me."," Це я."
"75","Mia! ","Мія! "
"79","What's up? ","Як справи? "
"81","You haven't","Ти так довго"
"83","called in a while.","не дзвонила."
"87","Sorry, ","Вибач, "
"89","I've been so busy.","в мене були справи."
"92","How've you been?","А ти як почуваєшся?"
"96","Well,","Я?"
"98"," LONELY."," САМОТНЬО."
"101","And it's all YOUR fault.","І це ТИ винна."
"104","Nah,","Хах,"
"106"," I'm just teasing."," я просто кепкую."
"108","I've been great!","В мене все добре!"
"110"," I'm finally"," Нарешті звикаю"
"112","getting used to having my","жити"
"114","own place.","самостійно. "
"118","That's good to hear.","Радію, що в тебе все добре."
"120","Actually,","До речі,"
"122"," I'm calling because"," я дзвоню, бо"
"124","I have a favor to ask.","хочу дещо попросити."
"128","I know, ","Ага, "
"130","I know.","зрозуміло."
"132"," You want me"," Хочеш, щоб я"
"134","to hold evidence for you?","потримала у себе якийсь доказ?"
"138","Sharp as always!","В яблучко!"
"140","There's a lot of buzz about","Там багато метушні"
"142","the upcoming trial...","навколо однієї справи..."
"144","I just don't feel safe","Було б небезпечно"
"146","keeping the evidence here.","зберігати доказ тут."
"150","I gotcha.","Зрозуміла."
"153","So,","То,"
"155"," what is it this time?"," що в тебе там?"
"159","It's...","Це..."
"162"," a clock"," Годинник"
"164",".","."
"168","A clock?","Годинник?"
"173","Yeah, it's made to look like","Так, зроблений у формі"
"175","that statue,","статуетки"
"177"," ""The Thinker."""," «Мислителя»"
"179","And it tells you the time!","І він може казати час!"
"181","I thought you might like it.","Напевно, він тобі сподобається."
"184","You always liked toys.","Ти завжди полюбляла іграшки."
"188","Hey! ","Гей! "
"190","I'm not a little","Я вже не"
"192","girl anymore,","маленька,"
"194"," Sis!"," сестричко!"
"198","Now,","Ну,"
"200"," now."," звісно."
"202"," You know"," Ти ж знаєш"
"204","I'm only teasing.","я просто дражнюся."
"206","Ah,","До речі,"
"208"," I should probably tell"," я ще хотіла сказати"
"210","you,","тобі,"
"212"," the clock isn't talking"," годинник зараз"
"214","right now.","не працює."
"218","Huh? ","Га? "
"220","It's not working?","Не працює?"
"223","That's lame!","Це нечесно!"
"228","I had to take the","Вибач, мені довелося витягнути"
"230","clockwork out.","з нього"
"232"," Sorry.","  механізм."
"234","I put some papers","Замість нього я поклала"
"236","inside it instead.","туди деякі папери."
"240","Papers? ","Папери? "
"242","Is that","Вони і є"
"244","the evidence,","твоїм"
"246"," then?"," доказом?"
"249","Hmm,","Ну,"
"251"," well..."," так..."
"253"," there's a"," хтозна,"
"255","possibility that it might","може вони стануть"
"257","turn out that way,","доказом, "
"259"," yes."," так."
"263","Can you come by the office","Можеш прийти до офісу"
"265","tonight,","ввечері,"
"267"," say 9:00,"," скажімо о"
"269"," to pick","  21:00,"
"271","it up?","забрати їх?"
"274","I'll be in a pretrial","До цього часу я буду"
"276","meeting until then.","на досудовій нараді."
"280","Okay,","Добре,"
"282"," Sis,"," сестричко,"
"284"," but I expect"," але я б хотіла"
"286","dinner! ","повечеряти! "
"288","Something good!","Чимось смачненьким!"
"290","Like... ","Наприклад... "
"292","burgers! ","бургерами! "
"294","I could","Я б з"
"296","really go for a good burger.","задоволенням поїла смачних бургерів."
"300","Okay, ","Добре, "
"302","okay.","добре."
"305","We'll hit the usual joint.","Заскочимо в стару добру забігайлівку."
"309","Alright!","Гаразд!"
"311"," It's a deal!"," Домовилися!"
"313","Okay, ","О'кей, "
"315","Sis,","сестричко,"
"317"," see you soon!"," побачимося!"
"321","Yep.","Та."
"324","I'll be waiting,","Я чекатиму,"
"326"," Maya."," Мая."
"337","*beep*","*біп*"
"346","[Conversation recorded.","[Розмову записано."
"349","September 5, 9:27 AM]","5 вересня, о 9:27]"
"371","September 5, 8:57 PM","5 вересня 20:57"
"373","Fey ＆ Co. Law Offices","Офіс фірми «Фей та партнери»."
"381","Now,","Так,"
"383"," Miss"," Пані"
"385"," Fey,"," Фей,"
"387"," I'll take"," я б хотів забрати те,"
"389","what's mine...","що мені належить..."
"391"," the papers."," папери."
"395","I'm sorry,","Вибачте,"
"397"," but I can't"," я не можу"
"399","give you what I don't have.","віддати те, чого в мене немає."
"403","Miss","Пані"
"405"," Fey,"," Фей,"
"409","you are a poor liar.","ви не вмієте брехати."
"411","Why,","Ой,"
"413"," I see it right"," а що це я"
"415","over there...","ось там бачу..."
"417","That must be ","Невже "
"420","""The Thinker""","«Мислителя»"
"424","that swallowed those papers.","це він ваші папери проковтнув."
"428","How could you know...?","Звідки ви дізналися...?"
"432","Ho ","Хо-"
"434","hoh.","хо."
"436"," You are not"," Ви про мене"
"438","cogniferous of my","зовсім нічого"
"440","background?","не знаєте?"
"442","Gathering information is","Збирати інформацію — "
"444","my business,","це мій бізнес,"
"446"," you see."," як бачите."
"449","I...","Я..."
"451"," I should have been more"," я мала бути"
"453","careful.","обережнішою."
"456","Ho ","Хо-"
"458","hoh.","хо."
"461","My dear Miss Fey...","Дорогенька пані Фей..."
"464","I am so very sorry.","Дуже вибачаюся."
"466","But I am afraid I must ask","Але на жаль, я мав би"
"468","you for one more thing.","попросити вас про ще дещо."
"473","Your eternal silence...","Про ваше вічне мовчання..."
"476","Farewell,","Прощавайте,"
"478"," Miss Fey."," пані Фей."
"482","!!!","!!!"
"537","Red...","Білл..."
"539"," White..."," Червуд..."
"541"," Blue..."," Синні..."
"594","September 5, 9:08 PM","5 вересня, 21:08"
"596","Fey ＆ Co. Law Offices","Офіс фірми «Фей та партнери»."
"616","Uh ","Uh "
"618","oh,","oh,"
"620"," I'm late."," I'm late."
"622","Huh,","Huh,"
"624"," that's strange."," that's strange."
"627","Guess the chief left","Guess the chief left"
"629","without me.","without me."
"631","She said her sister was","She said her sister was"
"633","coming over so we should","coming over so we should"
"635","all go out for dinner...","all go out for dinner..."
"638","...","..."
"642","What's that smell...?","What's that smell...?"
"649","Blood","Blood"
"651","...?","...?"
"656","M","M"
"660","ia!","ia!"
"664","(Maybe she's in her office!)","(Maybe she's in her office!)"
"679","...!","...!"
"683","(That girl just now...","(That girl just now..."
"688","where'd she go!?)","where'd she go!?)"
"690","(I put her right there","(I put her right there"
"692","on that sofa...!)","on that sofa...!)"
"694","(Uh oh...","(Uh oh..."
"696"," I hope she"," I hope she"
"698","didn't run on me.)","didn't run on me.)"
"713","Yipes!","Yipes!"
"718","(Don't scare me like that...)","(Don't scare me like that...)"
"724","Umm...","Umm..."
"727","Excuse me but,","Excuse me but,"
"729"," who are you?"," who are you?"
"734","...","..."
"738","It's okay.","It's okay."
"740"," I work here."," I work here."
"745","Maya...","Maya..."
"747","Maya Fey.","Maya Fey."
"754","Maya...","Maya..."
"756"," Fey?"," Fey?"
"764","(""Maya""...?)","(""Maya""...?)"
"768","(So Mia was writing","(So Mia was writing"
"770","this girl's name!)","this girl's name!)"
"773","(Maybe I should show","(Maybe I should show"
"775","her the receipt?)","her the receipt?)"
"778","(I never thought there'd be a ","(I never thought there'd be a "
"780","use for evidence like this","use for evidence like this"
"782","outside the courtroom!)","outside the courtroom!)"
"798","*whee-ooo* *whee-ooo*...","*whee-ooo* *whee-ooo*..."
"800","*whee-ooo* *whee-ooo*...","*whee-ooo* *whee-ooo*..."
"810","!","!"
"812","The ","The "
"814","police!","police!"
"818","(Sounds like they're","(Sounds like they're"
"820","coming this way!)","coming this way!)"
"830","Freeze!","Freeze!"
"832"," Police!"," Police!"
"846","Alright,","Alright,"
"848"," I'm Detective"," I'm Detective"
"850","Dick Gumshoe,","Dick Gumshoe,"
"852"," see?"," see?"
"857","(Gumshoe...?","(Gumshoe...?"
"860","What an odd name.)","What an odd name.)"
"866","We received a report from the","We received a report from the"
"868","building across the way,","building across the way,"
"870"," see."," see."
"872","Got a person saying","Got a person saying"
"874","they saw a murder.","they saw a murder."
"886","(It must have been","(It must have been"
"888","that woman I saw.)","that woman I saw.)"
"902","Anyway,","Anyway,"
"904"," I don't want either"," I don't want either"
"906","of you moving one inch,","of you moving one inch,"
"908"," 'kay?"," 'kay?"
"918","(Great.","(Great."
"920"," Just great.)"," Just great.)"
"928","(Maya...","(Maya..."
"930"," Wait,"," Wait,"
"932"," she"," she"
"934","wouldn't have...","wouldn't have..."
"936"," nah.)"," nah.)"
"944","Who","Who"
"946","aaaa","aaaa"
"948","aaaaa","aaaaa"
"950","aaah!","aaah!"
"958","Scuze me!","Scuze me!"
"971","Eek!","Eek!"
"983","This word ""Maya"" here","This word ""Maya"" here"
"985","mean anything to you?","mean anything to you?"
"997","...!","...!"
"1001","Um...","Um..."
"1003"," that..."," that..."
"1007","That's my name...","That's my name..."
"1016","WHAAA","WHAAA"
"1018","AT!?","AT!?"
"1029","The victim drew this here","The victim drew this here"
"1031","note in her own blood,","note in her own blood,"
"1033"," see?"," see?"
"1037","With her dying breath,","With her dying breath,"
"1039"," she"," she"
"1041","wrote down the killer's name!","wrote down the killer's name!"
"1052","K-","K-"
"1054","killer...? ","killer...? "
"1056","I'm not--","I'm not--"
"1064","Case closed! ","Case closed! "
"1066","You're coming","You're coming"
"1068","down to the precinct,","down to the precinct,"
"1070"," ma'am."," ma'am."
"1083","W-","W-"
"1085","what?","what?"
"1098","Mia's younger sister,","Mia's younger sister,"
"1100"," Maya,"," Maya,"
"1103","was arrested on the spot.","was arrested on the spot."
"1105","I was taken in for questioning","I was taken in for questioning"
"1107","and didn't get out until the","and didn't get out until the"
"1109","next morning.","next morning."
"1111","My eyes were heavy...","My eyes were heavy..."
"1114","but I couldn't sleep.","but I couldn't sleep."
"1116","I sat around,","I sat around,"
"1118"," waiting for"," waiting for"
"1120","visiting hours to begin at","visiting hours to begin at"
"1122","the detention center.","the detention center."
"1124","I had to talk to Maya","I had to talk to Maya"
"1126","as soon as possible.","as soon as possible."
"1139","(I'd better hurry up","(I'd better hurry up"
"1141","and call the police!)","and call the police!)"
"1150","The door to the chief's","The door to the chief's"
"1152","office.","office."
"1154"," It's slightly open."," It's slightly open."
"1156","I'd better not touch","I'd better not touch"
"1158","the door knob.","the door knob."
"1166","The reception desk.","The reception desk."
"1169","I usually sit here.","I usually sit here."
"1177","This sofa is for clients.","This sofa is for clients."
"1180","It's leather...","It's leather..."
"1182"," a real"," a real"
"1184","luxury model.","luxury model."
"1192","A large painting.","A large painting."
"1195","I guess you'd call","I guess you'd call"
"1197","this ","this "
"1199","""modern art.""","""modern art."""
"1201","I,","I,"
"1203"," on the other hand,"," on the other hand,"
"1205","call it a mistake.","call it a mistake."
"1213","You couldn't cram more legal","You couldn't cram more legal"
"1215","books in here,","books in here,"
"1217"," even if you"," even if you"
"1219","wanted to.","wanted to."
"1221","Few can gaze upon the shelves","Few can gaze upon the shelves"
"1223","without feeling insignificant.","without feeling insignificant."
"1231","A small writing desk cluttered","A small writing desk cluttered"
"1233","with office supplies.","with office supplies."
"1241","I smell blood...","I smell blood..."
"1243","and that can't be good!","and that can't be good!"
"1245","I have to check and see if","I have to check and see if"
"1247","Mia... the chief's okay!","Mia... the chief's okay!"
"1256","Excuse me but,","Excuse me but,"
"1258"," who are you?"," who are you?"
"1263","...","..."
"1267","It's okay.","It's okay."
"1269"," I work here."," I work here."
"1274","Maya...","Maya..."
"1276","Maya Fey.","Maya Fey."
"1285","(""Maya""...?)","(""Maya""...?)"
"1289","(So Mia was writing","(So Mia was writing"
"1291","this girl's name!)","this girl's name!)"
"1294","(Maybe I should show","(Maybe I should show"
"1296","her the receipt...)","her the receipt...)"
"1298","(I never thought there'd be a ","(I never thought there'd be a "
"1300","use for evidence like this","use for evidence like this"
"1302","outside the courtroom!)","outside the courtroom!)"
"1313","(She seems to be in shock.","(She seems to be in shock."
"1316","I don't want to disturb her,","I don't want to disturb her,"
"1319","but I have to know...)","but I have to know...)"
"1323","Um...","Um..."
"1325"," excuse me?"," excuse me?"
"1328","Can you tell me","Can you tell me"
"1330","what happened?","what happened?"
"1335","...","..."
"1341","I came in...","I came in..."
"1344","The room was dark.","The room was dark."
"1346","And Sis...","And Sis..."
"1348"," Sis...!"," Sis...!"
"1354","(So she was already dead.)","(So she was already dead.)"
"1364","So,","So,"
"1366"," you're the chief's...?"," you're the chief's...?"
"1371","Sister.","Sister."
"1373"," I'm her"," I'm her"
"1375","younger sister.","younger sister."
"1380","And you were here...","And you were here..."
"1382"," visiting?"," visiting?"
"1385","This late at night?","This late at night?"
"1390","Yes.","Yes."
"1392"," She said she wanted me"," She said she wanted me"
"1394","to keep some evidence for her.","to keep some evidence for her."
"1402","Evidence...?","Evidence...?"
"1407","Yes...","Yes..."
"1410","I-","I-"
"1412","it was that clock...","it was that clock..."
"1415","It was ","It was "
"1417","""The Thinker.""","""The Thinker."""
"1427","I'm sorry,","I'm sorry,"
"1429"," I've never"," I've never"
"1431","seen that before.","seen that before."
"1441","This was lying next","This was lying next"
"1443","to the chief.","to the chief."
"1448","I know.","I know."
"1450"," I saw it there too."," I saw it there too."
"1452","I thought they might be","I thought they might be"
"1454","pieces of the light stand.","pieces of the light stand."
"1460","Hmm.","Hmm."
"1462"," Maybe."," Maybe."
"1466","(Never heard of a glass","(Never heard of a glass"
"1468","light stand before...)","light stand before...)"
"1481","Um,","Um,"
"1483"," about "," about "
"1485","""The Thinker""...","""The Thinker""..."
"1493","!","!"
"1497","The Th-","The Th-"
"1502","Thinker...","Thinker..."
"1504","That was...","That was..."
"1506"," "," "
"1508","Oh,","Oh,"
"1510"," Sis!"," Sis!"
"1512"," *sob*"," *sob*"
"1519","(Hmm,","(Hmm,"
"1521"," probably shouldn't have"," probably shouldn't have"
"1523","asked her about the murder","asked her about the murder"
"1525","weapon...)","weapon...)"
"1536","Before Mia died,","Before Mia died,"
"1538"," she wrote"," she wrote"
"1540","a message with her own blood.","a message with her own blood."
"1542","She wrote it on the","She wrote it on the"
"1544","back of this receipt.","back of this receipt."
"1551","!","!"
"1554","Th-","Th-"
"1556","th-","th-"
"1558","that's ","that's "
"1561","MY name!","MY name!"
"1563","W-","W-"
"1565","why!?","why!?"
"1569","Why would she write my name?","Why would she write my name?"
"1575","Please, ","Please, "
"1577","just calm down.","just calm down."
"1583","W-","W-"
"1585","why would","why would"
"1587","Sis write my name?","Sis write my name?"
"1595","(Uh-","(Uh-"
"1597","oh.","oh."
"1599"," Now I've done it...)"," Now I've done it...)"
"1622","September 6","September 6"
"1624","Fey ＆ Co. Law Offices","Fey ＆ Co. Law Offices"
"1635","(The office is filled","(The office is filled"
"1637","with police officers.)","with police officers.)"
"1639","(They're all busily searching","(They're all busily searching"
"1641","for clues...)","for clues...)"
"1647","Hey! ","Hey! "
"1649","You there!","You there!"
"1657","This is a crime scene,","This is a crime scene,"
"1659"," pal!"," pal!"
"1661","No trespassing!","No trespassing!"
"1666","Umm...","Umm..."
"1668"," Sorry,"," Sorry,"
"1670"," don't I"," don't I"
"1672","know you from somewhere?","know you from somewhere?"
"1675","Wait, ","Wait, "
"1677","you're that Butz guy,","you're that Butz guy,"
"1680","aren't you!","aren't you!"
"1687","No,","No,"
"1689"," no,"," no,"
"1691"," Phoenix Wright."," Phoenix Wright."
"1695","(How could anyone mistake","(How could anyone mistake"
"1697","me for Larry!?)","me for Larry!?)"
"1702","Ah,","Ah,"
"1704"," guess I got the"," guess I got the"
"1706","wrong name,","wrong name,"
"1708"," Mr. Wright."," Mr. Wright."
"1711","Sorry 'bout that.","Sorry 'bout that."
"1713","That Butz guy,","That Butz guy,"
"1715"," he was"," he was"
"1717","a killer!","a killer!"
"1719"," And you're"," And you're"
"1721","no killer! ","no killer! "
"1723","Right?","Right?"
"1728","(He WAS proven innocent...)","(He WAS proven innocent...)"
"1731","Umm...","Umm..."
"1733"," right."," right."
"1736","And you were...","And you were..."
"1746","Um...","Um..."
"1748"," Gumshoe,"," Gumshoe,"
"1750"," wasn't it?"," wasn't it?"
"1753","Dick Gumshoe?","Dick Gumshoe?"
"1759","Right!","Right!"
"1762","At your service.","At your service."
"1768","Hang on!","Hang on!"
"1770"," That's Detective"," That's Detective"
"1772","Gumshoe to you,","Gumshoe to you,"
"1774"," pal!"," pal!"
"1780","Um... ","Um... "
"1782","Suedeshoes,","Suedeshoes,"
"1784"," wasn't it?"," wasn't it?"
"1790","That's me! ","That's me! "
"1792","Don't step on","Don't step on"
"1794","my blue suede shoes...","my blue suede shoes..."
"1797","Wait! ","Wait! "
"1802","That's a song,","That's a song,"
"1804"," pal!"," pal!"
"1807","My name's Dick Gumshoe...","My name's Dick Gumshoe..."
"1810","W-","W-"
"1812","wait!","wait!"
"1815","That's ","That's "
"1819","Detective","Detective"
"1821","Gumshoe to you,","Gumshoe to you,"
"1823"," pal!"," pal!"
"1829","Um...","Um..."
"1831"," Gumtree,"," Gumtree,"
"1833"," was it?"," was it?"
"1835","Detective Gumtree?","Detective Gumtree?"
"1841","G-","G-"
"1843","Gumtree...?","Gumtree...?"
"1847","Gum doesn't grow","Gum doesn't grow"
"1849","on trees,","on trees,"
"1851"," pal!"," pal!"
"1855","And I'm the one in charge here","And I'm the one in charge here"
"1857","so don't push your luck!","so don't push your luck!"
"1863","(Whatever you say,","(Whatever you say,"
"1866","Detective...)","Detective...)"
"1874","Anyway,","Anyway,"
"1876"," get the name right."," get the name right."
"1878","And don't go calling me","And don't go calling me"
"1880","""Dick""...","""Dick""..."
"1887","Hey,","Hey,"
"1889"," Dick!"," Dick!"
"1891","Get over here!","Get over here!"
"1896","Y-","Y-"
"1900","yes, sir!","yes, sir!"
"1902","B-","B-"
"1906","be right there!","be right there!"
"1915","Umm...","Umm..."
"1917"," ahem!"," ahem!"
"1920","You're her lawyer,","You're her lawyer,"
"1922","right,","right,"
"1924"," pal?"," pal?"
"1926","If you got business here,","If you got business here,"
"1929","you'd better do it quick!","you'd better do it quick!"
"1936","(Whew! ","(Whew! "
"1938","He thinks I'm","He thinks I'm"
"1940","Maya's lawyer...!)","Maya's lawyer...!)"
"1953","(I guess I've asked all","(I guess I've asked all"
"1955","the questions I need to.)","the questions I need to.)"
"1960","You all done,","You all done,"
"1962"," pal?"," pal?"
"1966","Um, ","Um, "
"1968","yes,","yes,"
"1970"," thank you."," thank you."
"1973","I'll be heading out now.","I'll be heading out now."
"1979","Oh,","Oh,"
"1981"," wait."," wait."
"1983","One more thing I wanted","One more thing I wanted"
"1985","to mention to you.","to mention to you."
"1987","I don't suppose you're","I don't suppose you're"
"1989","planning on talking to","planning on talking to"
"1991","that witness.","that witness."
"1993","Anyway,","Anyway,"
"1995"," you'd better not!"," you'd better not!"
"2000","No influencing the witness","No influencing the witness"
"2002","with your lawyerly ways,","with your lawyerly ways,"
"2004"," pal!"," pal!"
"2007","...","..."
"2018","(Come to think of it, I had","(Come to think of it, I had"
"2020","completely forgotten about ","completely forgotten about "
"2022","her...)","her...)"
"2033","The...","The..."
"2035"," witness?"," witness?"
"2039","Yeah,","Yeah,"
"2041"," Miss April May."," Miss April May."
"2044","I'm sorry 'bout this...","I'm sorry 'bout this..."
"2046","But I can't tell you","But I can't tell you"
"2048","anything about her!","anything about her!"
"2054","(Well,","(Well,"
"2056"," you just told me"," you just told me"
"2058","her name.","her name."
"2060"," Miss May, huh?)"," Miss May, huh?)"
"2063","So you've sent her","So you've sent her"
"2065","home already,","home already,"
"2067"," then?"," then?"
"2074","Ahah! ","Ahah! "
"2076","You're trying your","You're trying your"
"2078","lawyerly tricks on me now!","lawyerly tricks on me now!"
"2080","She's not to go outside her","She's not to go outside her"
"2082","room until the trial!","room until the trial!"
"2087","(So...","(So..."
"2089"," she's still in the"," she's still in the"
"2091","hotel across the way.)","hotel across the way.)"
"2094","I guess I should know better","I guess I should know better"
"2096","than to try to get a","than to try to get a"
"2098","detective to leak information.","detective to leak information."
"2102","You got that right,","You got that right,"
"2104"," pal!"," pal!"
"2109","(Time to pay a visit","(Time to pay a visit"
"2111","to Miss May!)","to Miss May!)"
"2128","The door to the","The door to the"
"2130","chief's office.","chief's office."
"2132","The police are in there","The police are in there"
"2134","searching for clues.","searching for clues."
"2136","I'd better not go in.","I'd better not go in."
"2145","Mia's favorite potted plant.","Mia's favorite potted plant."
"2147","I remember it had this","I remember it had this"
"2149","bizarre name no one","bizarre name no one"
"2151","could ever remember.","could ever remember."
"2157","""Cordyline stricta,"" ","""Cordyline stricta,"" "
"2159","pal!","pal!"
"2163","(Who was that!?)","(Who was that!?)"
"2172","There's a horrendous amount","There's a horrendous amount"
"2174","of legal books here.","of legal books here."
"2176","Scarier still is that Mia","Scarier still is that Mia"
"2178","probably read all of these.","probably read all of these."
"2186","The sky is blue,","The sky is blue,"
"2188","and so am I...","and so am I..."
"2190","There's that hotel,","There's that hotel,"
"2193","right across the way.","right across the way."
"2201","Mia's desk.","Mia's desk."
"2203","Perfectly clean,","Perfectly clean,"
"2205"," as always."," as always."
"2207","The only thing it's","The only thing it's"
"2209","missing is...","missing is..."
"2211"," Mia."," Mia."
"2219","An old movie poster.","An old movie poster."
"2221","Apparently,","Apparently,"
"2223"," this was the"," this was the"
"2225","first movie that made Mia","first movie that made Mia"
"2227","cry when she saw it.","cry when she saw it."
"2229","I'll have to check it","I'll have to check it"
"2231","out one of these days.","out one of these days."
"2240","About Ms. Fey...","About Ms. Fey..."
"2243","did you do an autopsy?","did you do an autopsy?"
"2247","Hmm?","Hmm?"
"2250","You want to know","You want to know"
"2252","the results,","the results,"
"2254"," eh?"," eh?"
"2258","...","..."
"2262","Now ","Now "
"2266","don't you look","don't you look"
"2268","at me like that, pal!","at me like that, pal!"
"2271","It's no use!","It's no use!"
"2273","She might have been your","She might have been your"
"2275","boss,","boss,"
"2277"," but that doesn't mean"," but that doesn't mean"
"2279","you get any special treatment.","you get any special treatment."
"2284","Alright,","Alright,"
"2286"," alright."," alright."
"2289","You can see the report,","You can see the report,"
"2292","but that's all!","but that's all!"
"2301","Autopsy Report added","Autopsy Report added"
"2303","to the Court Record.","to the Court Record."
"2319","So,","So,"
"2321"," Mia's death was"," Mia's death was"
"2323","instantaneous.","instantaneous."
"2327","That's right, pal.","That's right, pal."
"2332","She was...","She was..."
"2334"," a beautiful person."," a beautiful person."
"2340","You knew her,","You knew her,"
"2342"," Detective?"," Detective?"
"2346","Sure.","Sure."
"2348"," All of us down at"," All of us down at"
"2350","the precinct knew Ms. Fey.","the precinct knew Ms. Fey."
"2353","Much as it pains me to say","Much as it pains me to say"
"2355","this,","this,"
"2357"," she was a darn good"," she was a darn good"
"2359","lawyer.","lawyer."
"2370","Hey,","Hey,"
"2372"," "," "
"2374","what are you looking at?","what are you looking at?"
"2378","I just got a little dust","I just got a little dust"
"2380","in my eye,","in my eye,"
"2382"," that's all."," that's all."
"2390","Um,","Um,"
"2392"," about Maya..."," about Maya..."
"2396","Yeah!","Yeah!"
"2399","I'm looking forward","I'm looking forward"
"2401","to the trial!","to the trial!"
"2404","Sorry,","Sorry,"
"2406"," pal,"," pal,"
"2408"," but this is"," but this is"
"2410","one trial you aren't","one trial you aren't"
"2412","going to win!","going to win!"
"2419","W-","W-"
"2421","why do you say that?","why do you say that?"
"2425","The city's put Prosecutor","The city's put Prosecutor"
"2427","Edgeworth on the prosecution!","Edgeworth on the prosecution!"
"2433","(Edgeworth...)","(Edgeworth...)"
"2439","I'm sure you know what","I'm sure you know what"
"2441","that means, you being a","that means, you being a"
"2443","lawyer and all.","lawyer and all."
"2455","Prosecutor Edgeworth...","Prosecutor Edgeworth..."
"2459","That's right,","That's right,"
"2461"," pal!"," pal!"
"2464","Mr. Miles Edgeworth himself!","Mr. Miles Edgeworth himself!"
"2467","Wait...","Wait..."
"2469"," you do know him,"," you do know him,"
"2472","don't you!?","don't you!?"
"2482","I know him.","I know him."
"2484"," He's a feared"," He's a feared"
"2486","prosecutor.","prosecutor."
"2488"," He doesn't feel"," He doesn't feel"
"2490","pain,","pain,"
"2492"," he doesn't feel remorse."," he doesn't feel remorse."
"2494","He won't stop until he gets","He won't stop until he gets"
"2496","his ""guilty"" verdict.","his ""guilty"" verdict."
"2503","Aww,","Aww,"
"2505"," don't talk about him"," don't talk about him"
"2507","that way.","that way."
"2509"," You make him"," You make him"
"2511","barely sound human!","barely sound human!"
"2514","Still,","Still,"
"2516"," I'm afraid this pretty"," I'm afraid this pretty"
"2518","much decides the case.","much decides the case."
"2524","(So, ","(So, "
"2526","Edgeworth is on this","Edgeworth is on this"
"2528","one...)","one...)"
"2530","(He hasn't lost a case since","(He hasn't lost a case since"
"2532","he became prosecutor at the","he became prosecutor at the"
"2534","incredibly young age of 20.)","incredibly young age of 20.)"
"2536","(Of course,","(Of course,"
"2538"," there are rumors"," there are rumors"
"2540","of back-alley deals and","of back-alley deals and"
"2542","forged evidence...)","forged evidence...)"
"2544","(All I know for sure is that","(All I know for sure is that"
"2546","Edgeworth hates crime with","Edgeworth hates crime with"
"2548","an almost abnormal passion.)","an almost abnormal passion.)"
"2556","Never heard of him.","Never heard of him."
"2562","Whoa!","Whoa!"
"2565","And you call yourself","And you call yourself"
"2567","a lawyer,","a lawyer,"
"2569"," pal!?"," pal!?"
"2571","About four years ago,","About four years ago,"
"2573"," this"," this"
"2575","Edgeworth guy became a","Edgeworth guy became a"
"2577","prosecutor at the age of 20!","prosecutor at the age of 20!"
"2579","Everyone says he's a genius.","Everyone says he's a genius."
"2582","Surprised you don't know him!","Surprised you don't know him!"
"2588","(Of course I know him...","(Of course I know him..."
"2591","I was just playing dumb.)","I was just playing dumb.)"
"2593","(He's a cold, heartless","(He's a cold, heartless"
"2595","machine who'll do anything","machine who'll do anything"
"2597","to get a ""guilty"" verdict!)","to get a ""guilty"" verdict!)"
"2599","(There are rumors of ","(There are rumors of "
"2601","back-alley deals and forged","back-alley deals and forged"
"2603","evidence...)","evidence...)"
"2605","(All I know for sure is that","(All I know for sure is that"
"2607","Edgeworth hates crime with","Edgeworth hates crime with"
"2609","an almost abnormal passion.)","an almost abnormal passion.)"
"2619","(I never imagined I'd be","(I never imagined I'd be"
"2621","facing him so soon...)","facing him so soon...)"
"2632","Hmm?","Hmm?"
"2634"," What's that?"," What's that?"
"2640","Sorry,","Sorry,"
"2642"," pal,"," pal,"
"2644"," but I got no"," but I got no"
"2646","info for the likes of you!","info for the likes of you!"
"2655","I was wondering...","I was wondering..."
"2657"," did you"," did you"
"2659","see Maya Fey's cell phone?","see Maya Fey's cell phone?"
"2665","Oh that?","Oh that?"
"2668","I have that.","I have that."
"2672","Do you think you","Do you think you"
"2674","could give it back?","could give it back?"
"2680","Sure!","Sure!"
"2684","I mean,","I mean,"
"2686"," wait a second, pal!"," wait a second, pal!"
"2693","Tricky lawyer!","Tricky lawyer!"
"2699","(Uh-oh,","(Uh-oh,"
"2701"," he's on to me!)"," he's on to me!)"
"2715","(If I tell him why I want it,","(If I tell him why I want it,"
"2717","there's no way he'll give it","there's no way he'll give it"
"2719","to me!)","to me!)"
"2724","Something the matter?","Something the matter?"
"2730","Oh,","Oh,"
"2732"," no,"," no,"
"2734"," it's just..."," it's just..."
"2737","You know,","You know,"
"2739"," Detective!"," Detective!"
"2743","Nope.","Nope."
"2747","I know nothing,","I know nothing,"
"2749"," pal!"," pal!"
"2754","That cell phone has a lot of","That cell phone has a lot of"
"2756","numbers on it...","numbers on it..."
"2758"," like her"," like her"
"2760","boyfriend's...","boyfriend's..."
"2763","A cell phone holds all a","A cell phone holds all a"
"2765","little girl's sweetest","little girl's sweetest"
"2767","and spiciest secrets!","and spiciest secrets!"
"2774","Urk?","Urk?"
"2776"," Y-"," Y-"
"2778","you're trying","you're trying"
"2780","to confuse me!","to confuse me!"
"2782","Sorry,","Sorry,"
"2784"," pal."," pal."
"2786"," I already checked"," I already checked"
"2788","all the numbers in memory!","all the numbers in memory!"
"2792","Impressive! ","Impressive! "
"2794","You're","You're"
"2796","quite the detective.","quite the detective."
"2802","Uh ","Uh "
"2804","huh.","huh."
"2806"," Oh,"," Oh,"
"2808"," here,"," here,"
"2810"," you"," you"
"2812","can have the phone back.","can have the phone back."
"2816","There weren't any suspicious","There weren't any suspicious"
"2818","call records in there,","call records in there,"
"2821","after all.","after all."
"2829","(Okay,","(Okay,"
"2831"," I can't be straight"," I can't be straight"
"2833","with this guy...","with this guy..."
"2835"," but what"," but what"
"2837","should I tell him?)","should I tell him?)"
"2844","Something the matter?","Something the matter?"
"2848","Oh,","Oh,"
"2850"," no,"," no,"
"2852"," um..."," um..."
"2855","T-","T-"
"2858","that carrying strap","that carrying strap"
"2860","on the cell phone...","on the cell phone..."
"2864","This?","This?"
"2866"," Hmm..."," Hmm..."
"2868"," it says "," it says "
"2870","""The","""The"
"2872","Steel Samurai: Warrior of","Steel Samurai: Warrior of"
"2874","Neo Olde Tokyo""...","Neo Olde Tokyo""..."
"2877","""The Steel Samurai""...","""The Steel Samurai""..."
"2879"," that"," that"
"2881","action hero on TV?","action hero on TV?"
"2885","Yeah,","Yeah,"
"2887"," you see that strap is"," you see that strap is"
"2889","a collector's item...","a collector's item..."
"2891","She...","She..."
"2893"," was worried it might"," was worried it might"
"2895","get lost if it went down","get lost if it went down"
"2897","to the precinct.","to the precinct."
"2901","That what she said?","That what she said?"
"2905","Um.","Um."
"2907"," Yes."," Yes."
"2911","...","..."
"2916","Okay,","Okay,"
"2918"," pal."," pal."
"2920","I wrote down all the numbers","I wrote down all the numbers"
"2922","she called anyway.","she called anyway."
"2926","Here you go.","Here you go."
"2934","(Seems he didn't notice","(Seems he didn't notice"
"2936","the recorded conversation...)","the recorded conversation...)"
"2944","Maya's Cell Phone received","Maya's Cell Phone received"
"2946","from Detective Gumshoe.","from Detective Gumshoe."
"2949","Check the Court Record to hear","Check the Court Record to hear"
"2951","the recorded conversation.","the recorded conversation."
"2961","Detective Gumshoe?","Detective Gumshoe?"
"2964","Could you take","Could you take"
"2966","a look at this?","a look at this?"
"2970","Huh?","Huh?"
"2973","I already gave you the","I already gave you the"
"2975","girl's cell phone, pal.","girl's cell phone, pal."
"2981","(Right.","(Right."
"2983"," I'll have to listen"," I'll have to listen"
"2985","to that recorded conversation","to that recorded conversation"
"2987","later.)","later.)"
"2997","I was wondering,","I was wondering,"
"2999"," do you"," do you"
"3001","know anything about this?","know anything about this?"
"3005","That statue?","That statue?"
"3008","That's the murder weapon.","That's the murder weapon."
"3015","(Huh?","(Huh?"
"3017"," He thinks the clock"," He thinks the clock"
"3019","is just a statue,","is just a statue,"
"3021"," too...)"," too...)"
"3023","(I'm starting to wish I'd","(I'm starting to wish I'd"
"3025","never seen this thing.)","never seen this thing.)"
"3036","There was broken glass","There was broken glass"
"3038","at the crime scene, ","at the crime scene, "
"3040","right?","right?"
"3044","Hmm?","Hmm?"
"3046"," Oh,"," Oh,"
"3048"," that?"," that?"
"3062","Seems like a glass stand","Seems like a glass stand"
"3064","next to the victim fell over.","next to the victim fell over."
"3066","The glass shards were pieces","The glass shards were pieces"
"3068","of the broken stand.","of the broken stand."
"3085","There was a piece of","There was a piece of"
"3087","paper next to the victim,","paper next to the victim,"
"3089","wasn't there?","wasn't there?"
"3093","Yeah.","Yeah."
"3095"," The one with the"," The one with the"
"3097","killer's name written on it!","killer's name written on it!"
"3101","Are you sure that Mia","Are you sure that Mia"
"3103","wrote it herself?","wrote it herself?"
"3107","Given the condition of the","Given the condition of the"
"3109","writing,","writing,"
"3111"," it's hard to say if"," it's hard to say if"
"3113","it's her handwriting or not.","it's her handwriting or not."
"3119","(So there's no proof","(So there's no proof"
"3121","that Mia wrote it.)","that Mia wrote it.)"
"3131","Thanks for this!","Thanks for this!"
"3135","Don't mention it,","Don't mention it,"
"3137"," pal."," pal."
"3139","When it comes to dealing","When it comes to dealing"
"3141","with lawyers,","with lawyers,"
"3143"," ""fight fair"," ""fight fair"
"3145","and square,"" ","and square,"" "
"3147","is our motto!","is our motto!"
"3153","(I don't know how I feel,","(I don't know how I feel,"
"3156","seeing everything written","seeing everything written"
"3158","up like this...)","up like this...)"
"3160","(It makes Mia's death","(It makes Mia's death"
"3162","seem so...","seem so..."
"3164"," routine.)"," routine.)"
"3174","...","..."
"3177","(Looks like Detective","(Looks like Detective"
"3179","Gumshoe has gone home.)","Gumshoe has gone home.)"
"3181","(The police are still keeping","(The police are still keeping"
"3183","themselves busy in the","themselves busy in the"
"3185","chief's office.)","chief's office.)"
"3187","(No one has time to talk","(No one has time to talk"
"3189","to me.","to me."
"3191"," Guess I'll head out.)"," Guess I'll head out.)"
"3200","Mia's favorite potted plant.","Mia's favorite potted plant."
"3202","I guess I'll have to","I guess I'll have to"
"3204","water it now...","water it now..."
"3216","That smell...","That smell..."
"3218"," Blood!"," Blood!"
"3222","...","..."
"3226","*sob*","*sob*"
"3230","Sis...","Sis..."
"3238","(Someone's ","(Someone's "
"3240","there!)","there!)"
"3256","...!","...!"
"3259","Chief? ","Chief? "
"3261","Chief...?","Chief...?"
"3270","Chi","Chi"
"3272","ef!!","ef!!"
"3274","!","!"
"3289","Who are you?","Who are you?"
"3294","...","..."
"3316","(The strange girl dropped out","(The strange girl dropped out"
"3318","cold.","cold."
"3320"," I left her lying on"," I left her lying on"
"3322","the office sofa.)","the office sofa.)"
"3324","(I went back to the chief","(I went back to the chief"
"3326","where she lay under the","where she lay under the"
"3328","window.)","window.)"
"3343","(Her body was still warm...)","(Her body was still warm...)"
"3345","(I could feel it when I","(I could feel it when I"
"3347","held her shoulder.)","held her shoulder.)"
"3349","(Then,","(Then,"
"3351"," all too quickly,"," all too quickly,"
"3354","it began to fade...)","it began to fade...)"
"3356","(Until finally she was cold.)","(Until finally she was cold.)"
"3371","Chief...","Chief..."
"3381","Some shards of glass are","Some shards of glass are"
"3383","scattered on the floor.","scattered on the floor."
"3385","They seem to be the remains","They seem to be the remains"
"3387","of a glass light stand.","of a glass light stand."
"3396","There's a large building","There's a large building"
"3398","right across from the office.","right across from the office."
"3400","The ""Gatewater Hotel.""","The ""Gatewater Hotel."""
"3402","A nice,","A nice,"
"3404"," luxurious place."," luxurious place."
"3413","It's encrusted with","It's encrusted with"
"3415","dried blood.","dried blood."
"3417","How ironic that this became","How ironic that this became"
"3419","the murder weapon...","the murder weapon..."
"3421"," again."," again."
"3431","A portable safe.","A portable safe."
"3433","No way to tell how","No way to tell how"
"3435","much is inside.","much is inside."
"3438","I wonder if someone was","I wonder if someone was"
"3440","trying to take it out?","trying to take it out?"
"3450","Chief...","Chief..."
"3453","It's hard seeing her like","It's hard seeing her like"
"3455","this,","this,"
"3457"," but if there are any"," but if there are any"
"3459","clues here...","clues here..."
"3461","She was struck on the head","She was struck on the head"
"3463","with a blunt object.","with a blunt object."
"3465","She probably died instantly.","She probably died instantly."
"3468","""The Thinker""","""The Thinker"""
"3470"," lying next"," lying next"
"3472","to her must have been","to her must have been"
"3474","the murder weapon.","the murder weapon."
"3482","The Thinker added","The Thinker added"
"3484","to the Court Record.","to the Court Record."
"3490","Hmm...","Hmm..."
"3492"," there are some glass"," there are some glass"
"3494","shards near the chief's body.","shards near the chief's body."
"3497","Must be pieces of the glass","Must be pieces of the glass"
"3499","light stand lying broken in","light stand lying broken in"
"3501","the back of the room.","the back of the room."
"3509","Glass Shards added","Glass Shards added"
"3511","to the Court Record.","to the Court Record."
"3518","Nothing else that seems","Nothing else that seems"
"3520","like a clue here...","like a clue here..."
"3525","Hmm...?","Hmm...?"
"3532","A piece of paper! ","A piece of paper! "
"3534","It must","It must"
"3536","have fallen from Mia's hand!","have fallen from Mia's hand!"
"3539","What could it be?","What could it be?"
"3548","It's painful to look... ","It's painful to look... "
"3550","but","but"
"3552","I have to,","I have to,"
"3554"," for Mia's sake."," for Mia's sake."
"3557","Looks like she was hit","Looks like she was hit"
"3559","in the head with a blunt","in the head with a blunt"
"3561","weapon.","weapon."
"3564","She probably died","She probably died"
"3566","instantly.","instantly."
"3574","!","!"
"3577","A word is written in blood","A word is written in blood"
"3579","on this scrap of paper!","on this scrap of paper!"
"3582","""Maya""...?","""Maya""...?"
"3586","Did Mia write this?","Did Mia write this?"
"3588","This piece of paper is a","This piece of paper is a"
"3590","receipt from a department","receipt from a department"
"3592","store,","store,"
"3594"," dated yesterday."," dated yesterday."
"3601","(Wait a second!)","(Wait a second!)"
"3604","(""Maya""...!)","(""Maya""...!)"
"3617","(Was Mia trying to tell us","(Was Mia trying to tell us"
"3619","something about that girl?)","something about that girl?)"
"3621","(I think I'd better show","(I think I'd better show"
"3623","her this receipt.)","her this receipt.)"
"3628","(I never thought there'd be a ","(I never thought there'd be a "
"3630","use for evidence like this","use for evidence like this"
"3632","outside the courtroom!)","outside the courtroom!)"
"3648","Receipt added to","Receipt added to"
"3650","the Court Record.","the Court Record."
"3659","(I think that's enough","(I think that's enough"
"3661","snooping around for now.)","snooping around for now.)"
"3663","(I'd better call the police...)","(I'd better call the police...)"
"3667","(and find out what that","(and find out what that"
"3669","girl was doing here.)","girl was doing here.)"
"3688","Right!","Right!"
"3691","I'd better call the police!","I'd better call the police!"
"3696","...?","...?"
"3699","That's funny...","That's funny..."
"3701","A few of the screws on the","A few of the screws on the"
"3703","receiver are missing...","receiver are missing..."
"3705","It looks like someone was","It looks like someone was"
"3707","halfway through taking","halfway through taking"
"3709","it apart.","it apart."
"3717","Police!?","Police!?"
"3722","Please,","Please,"
"3725"," come quick!"," come quick!"
"3731","(Wh-","(Wh-"
"3736","what was that!?)","what was that!?)"
"3745","(Someone screaming from","(Someone screaming from"
"3747","outside the window!?)","outside the window!?)"
"3756","...!","...!"
"3761","She's staring right at me!","She's staring right at me!"
"3764","She's holding a phone","She's holding a phone"
"3766","in her hand...","in her hand..."
"3782","The phone receiver is missing","The phone receiver is missing"
"3784","a few screws.","a few screws."
"3786","I'd better not use it.","I'd better not use it."
"3794","The Fey ＆ Co. ledger book.","The Fey ＆ Co. ledger book."
"3796","Everything is written in","Everything is written in"
"3798","the chief's ultra-neat","the chief's ultra-neat"
"3800","handwriting.","handwriting."
"3802","It's a small office,","It's a small office,"
"3804"," but"," but"
"3806","it makes a good bit of money.","it makes a good bit of money."
"3814","Surprisingly,","Surprisingly,"
"3816"," the chief"," the chief"
"3818","was never good with machines.","was never good with machines."
"3820","About all she used this","About all she used this"
"3822","PC for was e-mail.","PC for was e-mail."
"3824","She picked up this ancient","She picked up this ancient"
"3826","model at some garage sale","model at some garage sale"
"3828","for practically nothing.","for practically nothing."
"3836","A perfectly normal office","A perfectly normal office"
"3838","desk.","desk."
"3840","The chief had a very","The chief had a very"
"3842","particular policy about","particular policy about"
"3844","office décor:","office décor:"
"3846","""Spend big on stuff the","""Spend big on stuff the"
"3848","clients use, but keep your","clients use, but keep your"
"3850","own stuff simple.""","own stuff simple."""
"3858","All the chief's important","All the chief's important"
"3860","documents are packed in here.","documents are packed in here."
"3862","This is where she filed ","This is where she filed "
"3864","her case records and","her case records and"
"3866","recent rulings.","recent rulings."
"3874","The chief's chair.","The chief's chair."
"3876","A simple,","A simple,"
"3878"," functional design."," functional design."
"3881","Feels pretty good to sit in,","Feels pretty good to sit in,"
"3884","too.","too."
"3902","September 6, 9:07 AM","September 6, 9:07 AM"
"3904","Detention Center","Detention Center"
"3906","Visitor's Room","Visitor's Room"
"3916","(Wow,","(Wow,"
"3918"," they have poor Maya"," they have poor Maya"
"3920","locked up like a criminal.)","locked up like a criminal.)"
"3936","Oh!","Oh!"
"3941","It's you!","It's you!"
"3943"," The lawyer..."," The lawyer..."
"3946","G-","G-"
"3948","good morning.","good morning."
"3953","Good morning!","Good morning!"
"3956","(She looks so tired...)","(She looks so tired...)"
"3962","Um...","Um..."
"3965","Are you going to","Are you going to"
"3967","be my attorney?","be my attorney?"
"3971","Well,","Well,"
"3973"," that's what I wanted"," that's what I wanted"
"3975","to talk to you about... ","to talk to you about... "
"3987","(I'd better give it","(I'd better give it"
"3989","to her straight...)","to her straight...)"
"3992","It's up to you.","It's up to you."
"3996","Up... ","Up... "
"3998","to me?","to me?"
"4002","Yes.","Yes."
"4004"," I don't think this is"," I don't think this is"
"4006","something I should decide.","something I should decide."
"4008","After all, you're the one","After all, you're the one"
"4010","in trouble here.","in trouble here."
"4015","...","..."
"4020","They're never going to","They're never going to"
"4022","believe me...","believe me..."
"4024"," are they?"," are they?"
"4026","Even you,","Even you,"
"4028"," when you found me"," when you found me"
"4030","in the office.","in the office."
"4032"," You looked at"," You looked at"
"4034","me like I had done it!","me like I had done it!"
"4047","(Did I look at her","(Did I look at her"
"4049","like that?)","like that?)"
"4062","No,","No,"
"4064"," no!"," no!"
"4066"," I never thought..."," I never thought..."
"4070","I-","I-"
"4072","it's okay.","it's okay."
"4075","I understand.","I understand."
"4079","...","..."
"4083","And...","And..."
"4085"," I've also heard"," I've also heard"
"4087","about you.","about you."
"4093","Heard...?","Heard...?"
"4095"," Heard what"," Heard what"
"4097","about me?","about me?"
"4101","I...","I..."
"4103"," was talking to my sister"," was talking to my sister"
"4105","on the phone the other day...","on the phone the other day..."
"4113","(First things first,","(First things first,"
"4115"," I better"," I better"
"4117","get her cheered up...)","get her cheered up...)"
"4122","Yeah,","Yeah,"
"4124"," of course I will!"," of course I will!"
"4126","Cheer up!","Cheer up!"
"4132","R-","R-"
"4134","really...?","really...?"
"4143","(Whoa! ","(Whoa! "
"4145","Did I say the wrong","Did I say the wrong"
"4147","thing? ","thing? "
"4149","She looks sadder now!)","She looks sadder now!)"
"4152","Um...","Um..."
"4154"," what..."," what..."
"4156"," "," "
"4158","what's wrong?","what's wrong?"
"4161","You don't think I can do it?","You don't think I can do it?"
"4166","...","..."
"4170","No...","No..."
"4172"," no one could!"," no one could!"
"4174","Who would believe me?","Who would believe me?"
"4177","Even you,","Even you,"
"4179"," when you found me"," when you found me"
"4181","in the office.","in the office."
"4183"," You looked at"," You looked at"
"4185","me like I had done it!","me like I had done it!"
"4197","(Did I look at her","(Did I look at her"
"4199","like that?)","like that?)"
"4212","No,","No,"
"4214"," no! "," no! "
"4216","I never thought...","I never thought..."
"4220","I-","I-"
"4222","it's okay.","it's okay."
"4225","I understand.","I understand."
"4229","...","..."
"4233","And...","And..."
"4235"," I've also heard"," I've also heard"
"4237","about you.","about you."
"4243","Heard...?","Heard...?"
"4245"," Heard what"," Heard what"
"4247","about me?","about me?"
"4251","I...","I..."
"4253"," was talking to my sister"," was talking to my sister"
"4255","on the phone the other day...","on the phone the other day..."
"4263","(Maybe if I joke a bit","(Maybe if I joke a bit"
"4265","she'll cheer up...)","she'll cheer up...)"
"4271","Hah","Hah"
"4273"," hah!"," hah!"
"4279","No way,","No way,"
"4281"," Jose!"," Jose!"
"4283","Just kidding...","Just kidding..."
"4288","...","..."
"4290","...","..."
"4295","...","..."
"4303","(Eh heh.","(Eh heh."
"4305"," Whoops."," Whoops."
"4308","That didn't go so well.)","That didn't go so well.)"
"4314","...Heh...","...Heh..."
"4321","Huh?","Huh?"
"4323","M-","M-"
"4325","Maya...?","Maya...?"
"4328","Was that a...","Was that a..."
"4330"," chuckle?"," chuckle?"
"4336","What?","What?"
"4340","N-","N-"
"4342","no!","no!"
"4346","...","..."
"4352","It wasn't very","It wasn't very"
"4354","believable, was it?","believable, was it?"
"4363","(Not really...)","(Not really...)"
"4370","I-","I-"
"4372","I'm sorry!","I'm sorry!"
"4374","I just thought,","I just thought,"
"4376"," since"," since"
"4378","you'd made a joke...","you'd made a joke..."
"4382","Please,","Please,"
"4384"," don't mind me!"," don't mind me!"
"4387","You're doing just fine!","You're doing just fine!"
"4392","(Who's trying to","(Who's trying to"
"4394","cheer up who here!?)","cheer up who here!?)"
"4400","...","..."
"4404","I knew it.","I knew it."
"4408","No one will believe me.","No one will believe me."
"4415","What?","What?"
"4419","Even you--","Even you--"
"4421","when you found me","when you found me"
"4423","in the office.","in the office."
"4425"," You looked at"," You looked at"
"4427","me like I had done it!","me like I had done it!"
"4440","(Did I look at her","(Did I look at her"
"4442","like that?)","like that?)"
"4455","No, ","No, "
"4457","no! ","no! "
"4459","I never thought...","I never thought..."
"4463","I-","I-"
"4465","it's okay.","it's okay."
"4468","I understand.","I understand."
"4472","...","..."
"4476","And...","And..."
"4478"," I've also heard"," I've also heard"
"4480","about you.","about you."
"4486","Heard...?","Heard...?"
"4488"," Heard what"," Heard what"
"4490","about me?","about me?"
"4494","I...","I..."
"4496"," was talking to my sister"," was talking to my sister"
"4498","on the phone the other day...","on the phone the other day..."
"4515","""Today was my junior partner's","""Today was my junior partner's"
"4517","first time in court.""","first time in court."""
"4522","Wow! ","Wow! "
"4524","Really?","Really?"
"4527","How'd that go?","How'd that go?"
"4532","""It was quite the scene!""","""It was quite the scene!"""
"4534","""Honestly,","""Honestly,"
"4536"," I was on edge"," I was on edge"
"4538","the whole time.","the whole time."
"4540"," It's"," It's"
"4542","been a while...""","been a while..."""
"4547","Hah!","Hah!"
"4549"," So,"," So,"
"4551"," he crashed and"," he crashed and"
"4553","burned?","burned?"
"4558","""...He's a genius.""","""...He's a genius."""
"4561","""One of those 'strike fear","""One of those 'strike fear"
"4563","into the hearts of evil'","into the hearts of evil'"
"4565","types...""","types..."""
"4570","""The only thing he's lacking","""The only thing he's lacking"
"4572","is...","is..."
"4574"," experience."""," experience."""
"4579","Huh,","Huh,"
"4581"," sounds like it was fun!"," sounds like it was fun!"
"4583","Well,","Well,"
"4585"," I know who to go to if"," I know who to go to if"
"4587","I ever get into trouble now!","I ever get into trouble now!"
"4592","""I don't know, Maya.""","""I don't know, Maya."""
"4594","""I think you might want","""I think you might want"
"4596","to wait...","to wait..."
"4598"," give him three"," give him three"
"4600","more years.""","more years."""
"4606","""That is,","""That is,"
"4608"," unless you want"," unless you want"
"4610","to be found guilty.""","to be found guilty."""
"4624","That's what she said!","That's what she said!"
"4629","...","..."
"4637","I-","I-"
"4639","I'm sorry!","I'm sorry!"
"4642","I didn't mean to","I didn't mean to"
"4644","insult you...","insult you..."
"4648","No,","No,"
"4650"," it's okay."," it's okay."
"4653","It's true, I guess.","It's true, I guess."
"4655","But...","But..."
"4657"," at the same time,"," at the same time,"
"4660","I can't just sit by and watch!","I can't just sit by and watch!"
"4663","When I think of the person","When I think of the person"
"4665","who did this to Mia...","who did this to Mia..."
"4670","...","..."
"4673","I know...","I know..."
"4686","...","..."
"4691","Um...!","Um...!"
"4696","Huh?","Huh?"
"4698"," Something the matter?"," Something the matter?"
"4703","Um...","Um..."
"4705"," I was wondering,"," I was wondering,"
"4708","could I ask you a favor?","could I ask you a favor?"
"4713","...?","...?"
"4718","This is the address of","This is the address of"
"4720","a famous lawyer.","a famous lawyer."
"4723","My sister gave me","My sister gave me"
"4725","this a long time ago.","this a long time ago."
"4728","She said if I was ever in","She said if I was ever in"
"4730","trouble,","trouble,"
"4732"," I should call him."," I should call him."
"4737","And,","And,"
"4739"," well,"," well,"
"4741"," I'm in trouble."," I'm in trouble."
"4744","Do you think you could go","Do you think you could go"
"4746","ask him to represent me?","ask him to represent me?"
"4752","(Hmm...)","(Hmm...)"
"4764","Sure,","Sure,"
"4766"," why not?"," why not?"
"4769","I'll go ask.","I'll go ask."
"4776","Thank you so much!","Thank you so much!"
"4779","I have no one ","I have no one "
"4781","else to turn to...","else to turn to..."
"4786","...?","...?"
"4790","Say,","Say,"
"4792"," what about"," what about"
"4794","your parents?","your parents?"
"4799","...","..."
"4801","...","..."
"4803","...","..."
"4808","I...","I..."
"4810"," "," "
"4812","I see.","I see."
"4815","Don't worry, leave it to me.","Don't worry, leave it to me."
"4819","Thank you!","Thank you!"
"4822","The trial's tomorrow...","The trial's tomorrow..."
"4825","at 10:00.","at 10:00."
"4829","W-","W-"
"4834","what!?","what!?"
"4836"," "," "
"4838","Tomorrow!?","Tomorrow!?"
"4842","Tomorrow.","Tomorrow."
"4846","What if this guy refuses!?","What if this guy refuses!?"
"4853","I'm sorry...","I'm sorry..."
"4855","I think this is the kind","I think this is the kind"
"4857","of thing you should really","of thing you should really"
"4859","do yourself.","do yourself."
"4863","...You're right.","...You're right."
"4867","...","..."
"4871","Something wrong?","Something wrong?"
"4875","Actually,","Actually,"
"4877"," I asked the police"," I asked the police"
"4879","to contact him, and they","to contact him, and they"
"4881","tried calling a few times.","tried calling a few times."
"4884","Nobody could get","Nobody could get"
"4886","a hold of him...","a hold of him..."
"4890","They couldn't find him?","They couldn't find him?"
"4894","I have no one left to ask!","I have no one left to ask!"
"4898","...?","...?"
"4900","Say,","Say,"
"4902"," what about"," what about"
"4904","your parents...?","your parents...?"
"4909","...","..."
"4911","...","..."
"4913","...","..."
"4917","O-","O-"
"4922","okay!","okay!"
"4924"," Don't worry,"," Don't worry,"
"4927","I'll go ask him for you.","I'll go ask him for you."
"4934","Y-","Y-"
"4936","you will?","you will?"
"4939","Thank you so much!","Thank you so much!"
"4943","I'm just worried what will","I'm just worried what will"
"4945","happen if I can't find him.","happen if I can't find him."
"4952","They told me that if I don't","They told me that if I don't"
"4954","find one,","find one,"
"4956"," the state will pick"," the state will pick"
"4958","an attorney to defend me.","an attorney to defend me."
"4962","When will that happen?","When will that happen?"
"4966","They're giving me until","They're giving me until"
"4968","4:00 this afternoon.","4:00 this afternoon."
"4973","(And visiting hours are almost","(And visiting hours are almost"
"4975","up...","up..."
"4977"," I'd better hurry!)"," I'd better hurry!)"
"4980","Right,","Right,"
"4982"," I'll be back!"," I'll be back!"
"4998","This guard monitors","This guard monitors"
"5000","the visitor's room.","the visitor's room."
"5002","He hasn't moved an inch.","He hasn't moved an inch."
"5004","A real pro,","A real pro,"
"5006"," this guy."," this guy."
"5014","Smile for the camera...","Smile for the camera..."
"5024","Could you tell me about","Could you tell me about"
"5026","the day of the murder?","the day of the murder?"
"5032","Yes!","Yes!"
"5035","Let's see...","Let's see..."
"5037"," That morning,"," That morning,"
"5040","I got a call from my sister.","I got a call from my sister."
"5043","She wanted me to hold onto","She wanted me to hold onto"
"5045","a piece of evidence for an","a piece of evidence for an"
"5047","upcoming trial.","upcoming trial."
"5051","Evidence?","Evidence?"
"5055","Yes.","Yes."
"5057"," That clock shaped like"," That clock shaped like"
"5059","""The Thinker.""","""The Thinker."""
"5064","(The one Larry made...)","(The one Larry made...)"
"5067","How could that have been","How could that have been"
"5069","evidence in a case?","evidence in a case?"
"5075","Um,","Um,"
"5077"," right,"," right,"
"5079"," she said"," she said"
"5081","something about that...","something about that..."
"5083","...","..."
"5091","I remember!","I remember!"
"5094","Do you want to hear it","Do you want to hear it"
"5096","in her own voice?","in her own voice?"
"5101","H-","H-"
"5103","her own voice!?","her own voice!?"
"5107","Yes.","Yes."
"5109","I'm pretty sure our","I'm pretty sure our"
"5111","conversation is on","conversation is on"
"5113","my cell phone.","my cell phone."
"5117","You recorded it!","You recorded it!"
"5123","Yeah! ","Yeah! "
"5125","I forgot how to","I forgot how to"
"5127","delete those things.","delete those things."
"5146","There's something I've","There's something I've"
"5148","been wanting to ask you...","been wanting to ask you..."
"5152","Yes?","Yes?"
"5156","What's with that outfit?","What's with that outfit?"
"5160","Oh,","Oh,"
"5162"," this?"," this?"
"5164","This is what all acolytes","This is what all acolytes"
"5166","wear.","wear."
"5168"," It's my uniform,"," It's my uniform,"
"5170"," you"," you"
"5172","could say.","could say."
"5176","A-","A-"
"5178","acolytes?","acolytes?"
"5180"," Like people in"," Like people in"
"5182","religious training?","religious training?"
"5184"," What is"," What is"
"5186","it you do?","it you do?"
"5193","Oh!","Oh!"
"5195"," It's nothing"," It's nothing"
"5197","strange,","strange,"
"5199"," really!"," really!"
"5203","I'm a spirit medium.","I'm a spirit medium."
"5206","...In training.","...In training."
"5214","A s-","A s-"
"5216","spirit medium!?","spirit medium!?"
"5221","(I'm pretty sure that","(I'm pretty sure that"
"5223","qualifies as strange.)","qualifies as strange.)"
"5243","So you're an acolyte.","So you're an acolyte."
"5246","A,","A,"
"5248"," er,"," er,"
"5250"," medium-in-training."," medium-in-training."
"5254","That's right.","That's right."
"5256","The Fey family,","The Fey family,"
"5258"," especially the"," especially the"
"5260","women,","women,"
"5262"," have always been very"," have always been very"
"5264","sensitive to the spirit world.","sensitive to the spirit world."
"5270","Wait a second,","Wait a second,"
"5272"," you said"," you said"
"5275","the ","the "
"5277","""Fey Family""?","""Fey Family""?"
"5279","So,","So,"
"5281"," Mia was into"," Mia was into"
"5283","this stuff too?","this stuff too?"
"5287","Of course!","Of course!"
"5289","She left the mountain to","She left the mountain to"
"5291","""follow her career,"" she said.","""follow her career,"" she said."
"5294","Her powers were first-","Her powers were first-"
"5296","class,","class,"
"5298"," too!"," too!"
"5303","(I...","(I..."
"5305"," I had no idea.)"," I had no idea.)"
"5310","Hmm...","Hmm..."
"5315","Wait...!","Wait...!"
"5320","What?","What?"
"5324","So,","So,"
"5326"," you're a real,"," you're a real,"
"5328"," honest-"," honest-"
"5330","to-goodness spirit medium?","to-goodness spirit medium?"
"5333","With E.S.P. and all that?","With E.S.P. and all that?"
"5337","Yes.","Yes."
"5340","...In training.","...In training."
"5344","Well,","Well,"
"5346"," can't you contact"," can't you contact"
"5348","Mia's spirit,","Mia's spirit,"
"5350"," then?"," then?"
"5352","We can just ask","We can just ask"
"5354","her who killed her!","her who killed her!"
"5361","...!","...!"
"5365","I-","I-"
"5367","I'm sorry...","I'm sorry..."
"5370","I'm still in training.","I'm still in training."
"5372","I couldn't do something","I couldn't do something"
"5374","on that level...","on that level..."
"5380","(Hmm...","(Hmm..."
"5382"," I thought that"," I thought that"
"5384","would be too easy.)","would be too easy.)"
"5399","So,","So,"
"5401"," you say you have a"," you say you have a"
"5403","conversation with your","conversation with your"
"5405","sister on your cell phone?","sister on your cell phone?"
"5407","Let's hear it!","Let's hear it!"
"5413","Right!","Right!"
"5419","Oh!","Oh!"
"5424","I just remembered: that","I just remembered: that"
"5426","detective took my cell phone.","detective took my cell phone."
"5428","Sorry.","Sorry."
"5432","Oh,","Oh,"
"5434"," right."," right."
"5438","(Of course...)","(Of course...)"
"5442","Next time I see Detective","Next time I see Detective"
"5444","Gumshoe I'll ask him for it.","Gumshoe I'll ask him for it."
"5448","I'll write you a note so","I'll write you a note so"
"5450","you don't forget,","you don't forget,"
"5452"," okay?"," okay?"
"5456","Sure,","Sure,"
"5458"," thanks."," thanks."
"5465","Maya's Memo added","Maya's Memo added"
"5467","to the Court Record.","to the Court Record."
"5481","Sorry...","Sorry..."
"5483"," I've never"," I've never"
"5485","seen that before.","seen that before."
"5495","This was lying next","This was lying next"
"5497","to the chief's body...","to the chief's body..."
"5501","I saw that too.","I saw that too."
"5503","They said they thought","They said they thought"
"5505","these were pieces of a","these were pieces of a"
"5507","broken light stand.","broken light stand."
"5511","Yeah,","Yeah,"
"5513"," that seems"," that seems"
"5515","about right.","about right."
"5518","(Though I'd never heard","(Though I'd never heard"
"5520","of a glass light stand","of a glass light stand"
"5522","before this...)","before this...)"
"5534","I wanted to ask you","I wanted to ask you"
"5536","about the murder weapon...","about the murder weapon..."
"5541","Poor Sis...","Poor Sis..."
"5543"," *sniff*"," *sniff*"
"5550","(Hmm.","(Hmm."
"5552"," Better not ask"," Better not ask"
"5554","her about this now.)","her about this now.)"
"5564","I wanted to ask you","I wanted to ask you"
"5566","about your cell phone...","about your cell phone..."
"5570","That detective took it","That detective took it"
"5572","when they brought me in.","when they brought me in."
"5585","(So,","(So,"
"5587"," Gumshoe took it...)"," Gumshoe took it...)"
"5589","(I'll have to try to","(I'll have to try to"
"5591","get it back next time","get it back next time"
"5593","I see him...)","I see him...)"
"5611","Remember that receipt?","Remember that receipt?"
"5615","Y-","Y-"
"5617","you mean the one","you mean the one"
"5619","with my name on it?","with my name on it?"
"5623","Any idea why she...","Any idea why she..."
"5629","Absolutely none!","Absolutely none!"
"5633","Um...","Um..."
"5635","Do you trust me?","Do you trust me?"
"5646","I trust you.","I trust you."
"5650","Why?","Why?"
"5652","Don't you think","Don't you think"
"5654","I did it,","I did it,"
"5656"," too?"," too?"
"5660","No,","No,"
"5662"," I don't."," I don't."
"5673","(It's just a hunch,","(It's just a hunch,"
"5675"," but...)"," but...)"
"5688","That detective","That detective"
"5690","thinks I did it.","thinks I did it."
"5695","...","..."
"5704","...","..."
"5709","I didn't think","I didn't think"
"5711","you'd believe me.","you'd believe me."
"5713","You're just like","You're just like"
"5715","the detective.","the detective."
"5721","I'm sorry...","I'm sorry..."
"5725","I don't like lying just to","I don't like lying just to"
"5727","make people feel better.","make people feel better."
"5729","But it doesn't mean that","But it doesn't mean that"
"5731","I've decided you did it!","I've decided you did it!"
"5742","(She seemed so lost","(She seemed so lost"
"5744","at the crime scene.)","at the crime scene.)"
"5771","Hey!","Hey!"
"5775","What is it? ","What is it? "
"5777","Did you","Did you"
"5779","meet the lawyer?","meet the lawyer?"
"5783","Sorry.","Sorry."
"5786","I haven't seen him yet.","I haven't seen him yet."
"5791","I see...","I see..."
"5797","(Hmm.","(Hmm."
"5799"," I'd better go see"," I'd better go see"
"5801","if I can find this elite","if I can find this elite"
"5803","lawyer she's talking about.)","lawyer she's talking about.)"
"5814","Could you tell me about","Could you tell me about"
"5816","the day of the murder?","the day of the murder?"
"5818","Sorry...","Sorry..."
"5820"," I know"," I know"
"5822","it must be hard.","it must be hard."
"5826","No,","No,"
"5828"," it's okay."," it's okay."
"5830","All I've been doing the","All I've been doing the"
"5832","last few hours is talking","last few hours is talking"
"5834","about it.","about it."
"5836","I've kind of gotten","I've kind of gotten"
"5838","used to it...","used to it..."
"5841","Let's see...","Let's see..."
"5843"," That morning,"," That morning,"
"5845","I got a call from my sister.","I got a call from my sister."
"5847","She wanted me to hold on to","She wanted me to hold on to"
"5849","a piece of evidence for an","a piece of evidence for an"
"5851","upcoming trial.","upcoming trial."
"5856","(That's ""The Thinker"" clock","(That's ""The Thinker"" clock"
"5858","that Larry made.)","that Larry made.)"
"5860","(It practically qualifies","(It practically qualifies"
"5862","as a serial murderer by now.)","as a serial murderer by now.)"
"5865","So then,","So then,"
"5867"," when did you"," when did you"
"5869","arrive at the office?","arrive at the office?"
"5873","It was right around 9:00.","It was right around 9:00."
"5883","The lights were off and...","The lights were off and..."
"5886","I could smell blood.","I could smell blood."
"5895","Th-","Th-"
"5897","then I found her.","then I found her."
"5900","My sister...","My sister..."
"5912","Thanks,","Thanks,"
"5914"," Maya."," Maya."
"5916","That's all I need","That's all I need"
"5918","to hear for now.","to hear for now."
"5927","What about your family?","What about your family?"
"5931","I only had my sister.","I only had my sister."
"5933","My father died when","My father died when"
"5935","I was very young.","I was very young."
"5937","And I don't know","And I don't know"
"5939","where my mother is.","where my mother is."
"5944","(Don't know...?","(Don't know...?"
"5947","So she could still be alive?)","So she could still be alive?)"
"5967","The women in my family have","The women in my family have"
"5969","been mediums for generations.","been mediums for generations."
"5971","They say a lotta spiritual","They say a lotta spiritual"
"5973","power runs in our blood.","power runs in our blood."
"5975","About fifteen years ago,","About fifteen years ago,"
"5977","our family was involved","our family was involved"
"5979","in an...","in an..."
"5981"," incident."," incident."
"5984","There was a man,","There was a man,"
"5986","and he...","and he..."
"5988"," he..."," he..."
"5992","He ruined our mother's life.","He ruined our mother's life."
"6002","(""Ruined""...?)","(""Ruined""...?)"
"6007","After that,","After that,"
"6009"," she disappeared."," she disappeared."
"6013","Several years after that,","Several years after that,"
"6015","my sister announced she would","my sister announced she would"
"6017","""become a lawyer"" and she","""become a lawyer"" and she"
"6019","left the mountain.","left the mountain."
"6024","...","..."
"6028","So,","So,"
"6030"," you live by yourself?"," you live by yourself?"
"6035","Yes.","Yes."
"6038","I've gotten used to it.","I've gotten used to it."
"6040","Oh,","Oh,"
"6042"," also..."," also..."
"6044","I had to become independent,","I had to become independent,"
"6047","or I would lose my powers!","or I would lose my powers!"
"6052","(I feel bad for her,","(I feel bad for her,"
"6055","all by herself up","all by herself up"
"6057","on that mountain...)","on that mountain...)"
"6074","So,","So,"
"6076"," who was this man"," who was this man"
"6078","who,","who,"
"6080"," um,"," um,"
"6082"," ""ruined"" your mother?"," ""ruined"" your mother?"
"6087","About 15 years ago...","About 15 years ago..."
"6091","there was an unusual","there was an unusual"
"6093","murder case.","murder case."
"6095","It made quite a stir,","It made quite a stir,"
"6098","everyone was talking","everyone was talking"
"6100","about it,","about it,"
"6102"," apparently."," apparently."
"6104","The police were running out","The police were running out"
"6106","of leads,","of leads,"
"6108"," and they were"," and they were"
"6110","getting desperate...","getting desperate..."
"6117","Wait...","Wait..."
"6119"," "," "
"6121","they didn't use","they didn't use"
"6123","a spirit medium,","a spirit medium,"
"6125"," did they?"," did they?"
"6131","The police convinced my mother","The police convinced my mother"
"6133","to try to contact the victim.","to try to contact the victim."
"6137","Wow...","Wow..."
"6140","So,","So,"
"6142"," what happened?"," what happened?"
"6146","The case was solved...","The case was solved..."
"6150","we thought.","we thought."
"6157","You ""thought""...?","You ""thought""...?"
"6161","The man my mother helped","The man my mother helped"
"6163","the police capture was","the police capture was"
"6165","innocent.","innocent."
"6169","...!","...!"
"6173","The police's consultation with","The police's consultation with"
"6175","a medium had all been carried","a medium had all been carried"
"6177","out in secret,","out in secret,"
"6179"," of course."," of course."
"6181","But...","But..."
"6184","A man found out about it","A man found out about it"
"6186","and leaked it to the press.","and leaked it to the press."
"6188","He told all the papers that","He told all the papers that"
"6190","my mother was a fraud,","my mother was a fraud,"
"6192"," and the"," and the"
"6194","media jumped on it big time.","media jumped on it big time."
"6198","She...","She..."
"6200"," my mother..."," my mother..."
"6202"," became"," became"
"6204","the laughing stock of the","the laughing stock of the"
"6206","nation.","nation."
"6211","I see.","I see."
"6214","...","..."
"6219","White...","White..."
"6226","Excuse me? ","Excuse me? "
"6228","White?","White?"
"6232","That was his name.","That was his name."
"6235","My sister told me.","My sister told me."
"6240","White? ","White? "
"6242","Hmm...","Hmm..."
"6258","Um,","Um,"
"6260"," about the weapon..."," about the weapon..."
"6265","Poor Sis...","Poor Sis..."
"6272","(Hmm.","(Hmm."
"6274"," Best not to talk"," Best not to talk"
"6276","about that subject ","about that subject "
"6278","right now.)","right now.)"
"6286","About your cell phone...","About your cell phone..."
"6290","Yes.","Yes."
"6292","It has a recording of the","It has a recording of the"
"6294","conversation I had with my","conversation I had with my"
"6296","sister on it...","sister on it..."
"6299","Say...","Say..."
"6301","If I listened to that,","If I listened to that,"
"6304","I could hear my sister's","I could hear my sister's"
"6306","voice again.","voice again."
"6314","Hey,","Hey,"
"6316"," I got your"," I got your"
"6318","cell phone back.","cell phone back."
"6322","Oh! ","Oh! "
"6324","Say...","Say..."
"6327","Can I listen","Can I listen"
"6329","to my sister's voice?","to my sister's voice?"
"6333","▲BGM・遅い","▲BGM・遅い"
"6345","...","..."
"6350","(Maya's eyes closed...","(Maya's eyes closed..."
"6353","She listened to every word","She listened to every word"
"6355","with such intensity...)","with such intensity...)"
"6357","(Before long,","(Before long,"
"6359"," tears began"," tears began"
"6361","to roll down her cheeks.)","to roll down her cheeks.)"
"6364","...","..."
"6379","Thank you.","Thank you."
"6389","Do you remember","Do you remember"
"6391","the receipt?","the receipt?"
"6395","Oh,","Oh,"
"6397"," you mean the one"," you mean the one"
"6399","with my name on it?","with my name on it?"
"6403","Any idea why...","Any idea why..."
"6408","Absolutely none!","Absolutely none!"
"6428","September 6, 3:42 PM","September 6, 3:42 PM"
"6430","Detention Center","Detention Center"
"6432","Visitor's Room","Visitor's Room"
"6442","Hiya.","Hiya."
"6449","Oh!","Oh!"
"6452","You're back!","You're back!"
"6457","Did you find the lawyer?","Did you find the lawyer?"
"6463","Um...","Um..."
"6465"," well..."," well..."
"6470","(What do I tell her?)","(What do I tell her?)"
"6474","Well,","Well,"
"6476"," see..."," see..."
"6480","(Just be honest!)","(Just be honest!)"
"6483","I...","I..."
"6485"," I really don't think"," I really don't think"
"6487","you should use that guy.","you should use that guy."
"6490","He...","He..."
"6492"," didn't seem healthy."," didn't seem healthy."
"6495","He was all skin and bones!","He was all skin and bones!"
"6499","...","..."
"6503","What really happened?","What really happened?"
"6509","...","..."
"6514","You don't mean...","You don't mean..."
"6517","He refused to help?","He refused to help?"
"6523","Urp.","Urp."
"6527","...","..."
"6531","I see.","I see."
"6533","I've been abandoned,","I've been abandoned,"
"6535"," then."," then."
"6548","Just a little longer now","Just a little longer now"
"6550","before the state-appointed","before the state-appointed"
"6552","lawyer comes,","lawyer comes,"
"6554"," I guess..."," I guess..."
"6559","...","..."
"6563","(4:00 PM.","(4:00 PM."
"6565"," Time's up.)"," Time's up.)"
"6567","(What should I do?)","(What should I do?)"
"6569","(Do I just leave her","(Do I just leave her"
"6571","and go home...?)","and go home...?)"
"6584","(There's nothing left","(There's nothing left"
"6586","here for me to do...)","here for me to do...)"
"6589","(She'll be better off with","(She'll be better off with"
"6591","a state-appointed lawyer.)","a state-appointed lawyer.)"
"6594","I think I'd better","I think I'd better"
"6596","get home now.","get home now."
"6602","Good-bye.","Good-bye."
"6618","It was a few days later when","It was a few days later when"
"6620","I found out how the story","I found out how the story"
"6622","ended.","ended."
"6624","The result of the trial","The result of the trial"
"6626","was in the newspaper.","was in the newspaper."
"6628","""Guilty.""","""Guilty."""
"6631","I'll probably never","I'll probably never"
"6633","meet her again.","meet her again."
"6635","Did I make the","Did I make the"
"6637","right choice?","right choice?"
"6639","Will I ever know?","Will I ever know?"
"6641","Mia...","Mia..."
"6643"," if you can hear"," if you can hear"
"6645","me, please, tell me!","me, please, tell me!"
"6648","...","..."
"6668","Not!","Not!"
"6670"," I can't let"," I can't let"
"6672","that happen!","that happen!"
"6677","I'm not leaving here until","I'm not leaving here until"
"6679","she takes me as her lawyer!","she takes me as her lawyer!"
"6689","I've made up my mind!","I've made up my mind!"
"6691","I'm going to defend you","I'm going to defend you"
"6693","whether you want me to","whether you want me to"
"6695","or not!","or not!"
"6702","!","!"
"6705","Why?","Why?"
"6710","Why?","Why?"
"6713","Well...","Well..."
"6725","...","..."
"6729","(No one is as sad as a","(No one is as sad as a"
"6731","person without any friends.)","person without any friends.)"
"6733","(I know... I've been there.","(I know... I've been there."
"6735","A long time ago.)","A long time ago.)"
"6753","(Why did I become a lawyer","(Why did I become a lawyer"
"6755","in the first place...?)","in the first place...?)"
"6757","(Because someone has to look","(Because someone has to look"
"6759","out for the people who have","out for the people who have"
"6761","no one on their side.)","no one on their side.)"
"6773","Maya...","Maya..."
"6775","I won't abandon you.","I won't abandon you."
"6778","You can count on me.","You can count on me."
"6785","You aren't the culprit!","You aren't the culprit!"
"6788","Someone else is!","Someone else is!"
"6795","H-","H-"
"6797","how do you know?","how do you know?"
"6803","I,","I,"
"6805"," um,"," um,"
"6807"," I have a hunch..."," I have a hunch..."
"6811","(Given the evidence,","(Given the evidence,"
"6813"," it would"," it would"
"6815","be easy to assume that Maya","be easy to assume that Maya"
"6817","was the killer.)","was the killer.)"
"6819","(But there's something","(But there's something"
"6821","about this whole thing","about this whole thing"
"6823","that smells... fishy.)","that smells... fishy.)"
"6835","(That witness's strange","(That witness's strange"
"6837","behavior...","behavior..."
"6839"," was that"," was that"
"6841","all an act?)","all an act?)"
"6853","(And the way that lawyer","(And the way that lawyer"
"6855","refused to help out Maya...)","refused to help out Maya...)"
"6867","(But more than all that,","(But more than all that,"
"6869","she has no one left","she has no one left"
"6871","to help her!)","to help her!)"
"6883","(Nothing is more sad,","(Nothing is more sad,"
"6886","or more lonely than that.)","or more lonely than that.)"
"6888","(I know...","(I know..."
"6890"," I've been there."," I've been there."
"6892","A long,","A long,"
"6894"," long time ago.)"," long time ago.)"
"6911","(Why did I become a lawyer","(Why did I become a lawyer"
"6913","in the first place...?)","in the first place...?)"
"6915","(Because someone has to look","(Because someone has to look"
"6917","out for the people who have","out for the people who have"
"6919","no one on their side.)","no one on their side.)"
"6930","Maya...","Maya..."
"6932","I won't abandon you.","I won't abandon you."
"6934","You can count on me.","You can count on me."
"6941","To be honest,","To be honest,"
"6943","I don't know.","I don't know."
"6948","You don't know?","You don't know?"
"6954","(Is this girl sitting in","(Is this girl sitting in"
"6956","front of me the killer?)","front of me the killer?)"
"6958","(All the evidence","(All the evidence"
"6960","seems to say ""yes."")","seems to say ""yes."")"
"6962","(But there's something","(But there's something"
"6964","about this whole thing","about this whole thing"
"6966","that smells fishy.)","that smells fishy.)"
"6978","(That witness's strange","(That witness's strange"
"6980","behavior...","behavior..."
"6982"," was that"," was that"
"6984","all an act?)","all an act?)"
"6996","(And the way that lawyer","(And the way that lawyer"
"6998","refused to help out Maya...)","refused to help out Maya...)"
"7010","(But more than all that,","(But more than all that,"
"7013","she has no one left","she has no one left"
"7015","to help her!)","to help her!)"
"7027","(Nothing is more sad,","(Nothing is more sad,"
"7029","or more lonely than that.)","or more lonely than that.)"
"7031","(I know... I've been there.","(I know... I've been there."
"7033","A long, long time ago.)","A long, long time ago.)"
"7050","(Why did I become a lawyer","(Why did I become a lawyer"
"7052","in the first place...?)","in the first place...?)"
"7054","(Because someone has to look","(Because someone has to look"
"7056","out for the people who have","out for the people who have"
"7058","no one on their side.)","no one on their side.)"
"7069","There's only one thing","There's only one thing"
"7071","I know for certain.","I know for certain."
"7073","I won't abandon you.","I won't abandon you."
"7076","You can count on me.","You can count on me."
"7084","...","..."
"7089","That's so kind of you...","That's so kind of you..."
"7094","*sniff*...","*sniff*..."
"7097","...","..."
"7110","Well!","Well!"
"7112","Let's fight this one","Let's fight this one"
"7115","and get you out of here!","and get you out of here!"
"7121","R-","R-"
"7123","right!","right!"
"7126","Thank you!","Thank you!"
"7131","(Whew,","(Whew,"
"7133"," she smiled at last."," she smiled at last."
"7136","She looks like an entirely","She looks like an entirely"
"7138","different person!)","different person!)"
"7142","One last question...","One last question..."
"7145","You are innocent,","You are innocent,"
"7147"," right?"," right?"
"7154","Yes!","Yes!"
"7156","And I trust you...","And I trust you..."
"7158","So you trust me,","So you trust me,"
"7160","too,","too,"
"7162"," okay?"," okay?"
"7166","It's a deal.","It's a deal."
"7170","(So,","(So,"
"7172"," what next...)"," what next...)"
"7174","(There's something that's","(There's something that's"
"7176","been bugging me...)","been bugging me...)"
"7188","(Just what was inside","(Just what was inside"
"7190","that strange woman's","that strange woman's"
"7192","drawer?)","drawer?)"
"7194","(It was when I tried to","(It was when I tried to"
"7196","look into the drawer that","look into the drawer that"
"7198","she got all defensive.)","she got all defensive.)"
"7200","(There has to be","(There has to be"
"7202","something in there!)","something in there!)"
"7221","Hey,","Hey,"
"7223"," I got your"," I got your"
"7225","cell phone back.","cell phone back."
"7229","Oh!","Oh!"
"7231"," Say..."," Say..."
"7233","Can I listen","Can I listen"
"7235","to my sister's voice?","to my sister's voice?"
"7250","...","..."
"7255","(Maya's eyes closed...","(Maya's eyes closed..."
"7257","She listened to every word","She listened to every word"
"7259","with such intensity...)","with such intensity...)"
"7261","(Before long, tears began","(Before long, tears began"
"7263","to roll down her cheeks.)","to roll down her cheeks.)"
"7268","...","..."
"7283","Thank you.","Thank you."
"7295","Hmm...","Hmm..."
"7297"," Maya's not here."," Maya's not here."
"7300","She must be in questioning.","She must be in questioning."
"7302","They probably won't let","They probably won't let"
"7304","her out for a while.","her out for a while."
"7306","Maybe I'd better go talk","Maybe I'd better go talk"
"7308","to that lawyer again.","to that lawyer again."
"7324","September 6","September 6"
"7326","Gatewater Hotel - Room 303","Gatewater Hotel - Room 303"
"7345","Well!","Well!"
"7348","Hello there,","Hello there,"
"7350"," handsome."," handsome."
"7354","Umm...","Umm..."
"7356"," hi."," hi."
"7360","(Smooth,","(Smooth,"
"7362"," Wright,"," Wright,"
"7364"," real smooth.)"," real smooth.)"
"7369","You're the lawyer,","You're the lawyer,"
"7371"," aren't you?"," aren't you?"
"7374","The detective told me...","The detective told me..."
"7378","He said, ""Don't say nothing","He said, ""Don't say nothing"
"7380","to that lawyer,","to that lawyer,"
"7382"," pal!"" "," pal!"" "
"7384","Tee hee!","Tee hee!"
"7389","(Memo to self:","(Memo to self:"
"7391"," thank"," thank"
"7393","Detective Gumshoe for","Detective Gumshoe for"
"7395","making my job harder.)","making my job harder.)"
"7401","Gee!","Gee!"
"7403"," This is all like"," This is all like"
"7405","something out of a movie!","something out of a movie!"
"7407","It's all so exciting","It's all so exciting"
"7409","I can hardly contain","I can hardly contain"
"7411","myself!","myself!"
"7416","Ooh!","Ooh!"
"7418"," Let me go freshen up"," Let me go freshen up"
"7420","so I can look the part of","so I can look the part of"
"7422","the beautiful eyewitness!","the beautiful eyewitness!"
"7431","(I pity the lawyer that","(I pity the lawyer that"
"7433","has to cross-examine","has to cross-examine"
"7435","this one.)","this one.)"
"7447","(There's a screwdriver","(There's a screwdriver"
"7449","stuck in this drawer.)","stuck in this drawer.)"
"7451","(I wonder what's inside?","(I wonder what's inside?"
"7454","Let's take a look...)","Let's take a look...)"
"7464","Hey!","Hey!"
"7466"," H-"," H-"
"7468","h-","h-"
"7470","hey!!!","hey!!!"
"7481","What are you doing!?","What are you doing!?"
"7486","No touching!","No touching!"
"7492","Oooh.","Oooh."
"7494"," "," "
"7496","Bad boy!","Bad boy!"
"7500","Y-","Y-"
"7502","you really shouldn't","you really shouldn't"
"7504","pry around in other","pry around in other"
"7506","people's rooms,","people's rooms,"
"7508"," now."," now."
"7511","You wouldn't want to","You wouldn't want to"
"7513","make me upset, ","make me upset, "
"7515","would you?","would you?"
"7521","(Upset!? ","(Upset!? "
"7523","I thought she","I thought she"
"7525","was going to explode","was going to explode"
"7527","for a second there!)","for a second there!)"
"7529","(I wonder what could be","(I wonder what could be"
"7531","inside the drawer?)","inside the drawer?)"
"7543","The flowers are fake,","The flowers are fake,"
"7545","as expected.","as expected."
"7547","I know sunflowers and tulips,","I know sunflowers and tulips,"
"7550","but that's about the extent","but that's about the extent"
"7552","of my floral knowledge.","of my floral knowledge."
"7560","A bottle and two glasses ","A bottle and two glasses "
"7562","are on the table.","are on the table."
"7564","Somebody must be","Somebody must be"
"7566","staying with her.","staying with her."
"7574","The late summer sunlight","The late summer sunlight"
"7576","streams through the window.","streams through the window."
"7578","There's the Fey ＆ Co.","There's the Fey ＆ Co."
"7580","Law Offices building,","Law Offices building,"
"7583","of course.","of course."
"7585","You can see the inside of","You can see the inside of"
"7587","the room pretty clearly ","the room pretty clearly "
"7589","from here.","from here."
"7591","I think it would be a little","I think it would be a little"
"7593","difficult to recognize a face","difficult to recognize a face"
"7595","from this distance,","from this distance,"
"7597"," though."," though."
"7605","A simple bed.","A simple bed."
"7607","It's been recently made.","It's been recently made."
"7610","Nothing eye-catching here.","Nothing eye-catching here."
"7618","Ah.","Ah."
"7620"," A still-scene painting."," A still-scene painting."
"7623","Wait,","Wait,"
"7625"," should that be"," should that be"
"7627","""still life""?","""still life""?"
"7629","Whatever.","Whatever."
"7631"," One of those"," One of those"
"7633","is hanging on the wall.","is hanging on the wall."
"7647","(Hmm...","(Hmm..."
"7649"," what's inside"," what's inside"
"7651","I wonder?)","I wonder?)"
"7658","*cough* ","*cough* "
"7660","*cough*","*cough*"
"7665","(Maybe later...)","(Maybe later...)"
"7675","Do you think you ","Do you think you "
"7677","could tell me something?","could tell me something?"
"7679","I need you to describe what","I need you to describe what"
"7681","you observed at the time of","you observed at the time of"
"7683","the incident.","the incident."
"7687","Ooh.","Ooh."
"7689"," ""Observe,"""," ""Observe,"""
"7691"," ""incident""!"," ""incident""!"
"7693","You sound just like a lawyer","You sound just like a lawyer"
"7695","in the movies!","in the movies!"
"7700","I like a man with","I like a man with"
"7702","a big...","a big..."
"7704"," vocabulary."," vocabulary."
"7712","(Umm...","(Umm..."
"7714"," *gulp*"," *gulp*"
"7716","Better not encourage her.)","Better not encourage her.)"
"7720","Er...","Er..."
"7722"," you know that thing"," you know that thing"
"7724","that occur...","that occur..."
"7726"," um..."," um..."
"7728"," happened"," happened"
"7730","the other day? ","the other day? "
"7732","The bad thing?","The bad thing?"
"7734","What did you see","What did you see"
"7736","when it happened?","when it happened?"
"7738","I don't suppose you","I don't suppose you"
"7740","could tell me about it?","could tell me about it?"
"7743","Pretty please?","Pretty please?"
"7749","Let me see...","Let me see..."
"7752","Um, ","Um, "
"7754","well...","well..."
"7757","Dream on!","Dream on!"
"7759","If you want to know,","If you want to know,"
"7761"," you'll"," you'll"
"7763","just have to come to court","just have to come to court"
"7765","tomorrow,","tomorrow,"
"7767"," Mr. Lawyer!"," Mr. Lawyer!"
"7773","(Oh boy.)","(Oh boy.)"
"7784","Um,","Um,"
"7786"," could you..."," could you..."
"7788"," just"," just"
"7790","who exactly are you?","who exactly are you?"
"7797","Oooh,","Oooh,"
"7799"," Mr. Lawyer!"," Mr. Lawyer!"
"7802","Are you hitting on me?","Are you hitting on me?"
"7807","N-","N-"
"7809","n-","n-"
"7814","no! ","no! "
"7816","Hey!","Hey!"
"7818"," "," "
"7820","I'm just","I'm just"
"7822","doing my job here!","doing my job here!"
"7830","Tee hee!","Tee hee!"
"7832"," You know, you're"," You know, you're"
"7834","cute when you blush.","cute when you blush."
"7842","(Believe me,","(Believe me,"
"7844"," this is the"," this is the"
"7846","first time in my life I've","first time in my life I've"
"7848","blushed this much...)","blushed this much...)"
"7851","Umm...","Umm..."
"7853"," eh heh."," eh heh."
"7856","Right...","Right..."
"7858"," can you just tell"," can you just tell"
"7860","me what it is you do?","me what it is you do?"
"7864","Well...","Well..."
"7866","No! ","No! "
"7868","Tee hee!","Tee hee!"
"7871","And you had your little","And you had your little"
"7873","hopes up,","hopes up,"
"7875"," didn't you!"," didn't you!"
"7881","(Oh boy.)","(Oh boy.)"
"7892","I see there are two","I see there are two"
"7894","glasses on the table.","glasses on the table."
"7896","Is someone staying","Is someone staying"
"7898","here with you?","here with you?"
"7905","Oooh!","Oooh!"
"7907"," What amazing"," What amazing"
"7909","powers of observation!","powers of observation!"
"7911","You must be one of those","You must be one of those"
"7913","famous detectives,","famous detectives,"
"7915"," like"," like"
"7917","on television!","on television!"
"7921","Oh,","Oh,"
"7923"," no,"," no,"
"7925"," not me,"," not me,"
"7928","I'm,","I'm,"
"7930"," er,"," er,"
"7932"," just a lawyer!"," just a lawyer!"
"7938","Say,","Say,"
"7940"," Mr. Big Detective,"," Mr. Big Detective,"
"7942"," why"," why"
"7944","don't you go look for clues...","don't you go look for clues..."
"7947","in the garbage? ","in the garbage? "
"7949","Hmm?","Hmm?"
"7951","Miss May doesn't like","Miss May doesn't like"
"7953","nosey little lawyers...","nosey little lawyers..."
"7956","Hmph!","Hmph!"
"7962","(Oh boy.)","(Oh boy.)"
"7974","Excuse me,","Excuse me,"
"7976"," but I'm"," but I'm"
"7978","a witness? ","a witness? "
"7980","Police","Police"
"7982","witness? ","witness? "
"7984","You understand?","You understand?"
"7986","How could I possibly give you","How could I possibly give you"
"7988","any information in good","any information in good"
"7990","conscience,","conscience,"
"7992"," hmm?"," hmm?"
"7994","Me... ","Me... "
"7996","""the witness""!","""the witness""!"
"7999","It's just like in the movies!","It's just like in the movies!"
"8011","Good afternoon,","Good afternoon,"
"8013"," sir!"," sir!"
"8019","Excuse me,","Excuse me,"
"8021"," you are...?"," you are...?"
"8025","Ah,","Ah,"
"8027"," I beg your pardon,"," I beg your pardon,"
"8029"," sir!"," sir!"
"8031","I am the bellboy of","I am the bellboy of"
"8033","this establishment,","this establishment,"
"8035","at your service,","at your service,"
"8037"," sir."," sir."
"8042","Oh,","Oh,"
"8044"," right."," right."
"8048","I've just come up to","I've just come up to"
"8050","deliver room service,","deliver room service,"
"8052"," sir."," sir."
"8056","Um...","Um..."
"8058"," do you know where"," do you know where"
"8060","Miss May might be?","Miss May might be?"
"8064","Ah.","Ah."
"8066"," I believe our guest "," I believe our guest "
"8068","Miss May is currently using","Miss May is currently using"
"8070","the,","the,"
"8072"," er,"," er,"
"8074"," facilities...?"," facilities...?"
"8076","If you've no need of","If you've no need of"
"8078","anything,","anything,"
"8080"," I'll be"," I'll be"
"8082","taking my leave.","taking my leave."
"8085","Please,","Please,"
"8087"," stay as long as you"," stay as long as you"
"8089","like.","like."
"8092"," Enjoy..."," Enjoy..."
"8100","Yeah...","Yeah..."
"8108","Wait...","Wait..."
"8112"," no!"," no!"
"8114"," Hey!"," Hey!"
"8118","...","..."
"8122","(Why does it seem like every","(Why does it seem like every"
"8124","time I come here,","time I come here,"
"8126"," I end up"," I end up"
"8128","embarrassing myself?)","embarrassing myself?)"
"8132","(Wait...","(Wait..."
"8134"," now's my chance"," now's my chance"
"8136","to snoop around a bit!)","to snoop around a bit!)"
"8143","Ah,","Ah,"
"8145"," I almost forgot!"," I almost forgot!"
"8152","Gah!","Gah!"
"8155","Y-","Y-"
"8157","you came back quick!","you came back quick!"
"8161","Might I ask you to inform","Might I ask you to inform"
"8163","Miss May that there is a","Miss May that there is a"
"8165","message for her?","message for her?"
"8167","Please tell her that","Please tell her that"
"8169","Mr. White,","Mr. White,"
"8171"," of Bluecorp phoned."," of Bluecorp phoned."
"8175","Oh,","Oh,"
"8177"," right."," right."
"8179"," Sure."," Sure."
"8189","(Mr. White...","(Mr. White..."
"8191"," of Bluecorp?"," of Bluecorp?"
"8194","Where have I heard that name?)","Where have I heard that name?)"
"8210","White...","White..."
"8215","That was his name.","That was his name."
"8218","My sister told me.","My sister told me."
"8231","(""White"" was the name of the","(""White"" was the name of the"
"8233","guy who ruined Mia and","guy who ruined Mia and"
"8235","Maya's mother!)","Maya's mother!)"
"8239","(Could it be a coincidence?)","(Could it be a coincidence?)"
"8252","There is definitely ","There is definitely "
"8254","something suspicious","something suspicious"
"8256","about this ""Miss May""!","about this ""Miss May""!"
"8258","Why would she have something","Why would she have something"
"8260","like this in her hotel room?","like this in her hotel room?"
"8262","There's a story behind all","There's a story behind all"
"8264","this,","this,"
"8266"," I know it!"," I know it!"
"8268","Alright...","Alright..."
"8270","I'll be using this bit of","I'll be using this bit of"
"8272","evidence in tomorrow's","evidence in tomorrow's"
"8274","trial, ","trial, "
"8276","that's for sure.","that's for sure."
"8278","For Maya's sake...","For Maya's sake..."
"8280","I'll get to this woman's","I'll get to this woman's"
"8282","bottom!","bottom!"
"8284"," Wait..."," Wait..."
"8286"," I mean"," I mean"
"8288","...","..."
"8290"," you know what I mean."," you know what I mean."
"8294","Oh,","Oh,"
"8296"," bellboy...?"," bellboy...?"
"8299","Still there?","Still there?"
"8303","(Uh oh,","(Uh oh,"
"8305"," time to scram!)"," time to scram!)"
"8307","(I look forward to tangoing","(I look forward to tangoing"
"8309","with you tomorrow,","with you tomorrow,"
"8311"," Miss May!)"," Miss May!)"
"8314","(In court!)","(In court!)"
"8329","              To be continued.","              To be continued."
"8346","There's a screwdriver sticking","There's a screwdriver sticking"
"8348","out of that half-open drawer.","out of that half-open drawer."
"8350","Now's my chance to","Now's my chance to"
"8352","see what's inside!","see what's inside!"
"8357","...!","...!"
"8359","What do we have here!","What do we have here!"
"8364","A...","A..."
"8366"," "," "
"8368","wiretap?","wiretap?"
"8372","Hmm!","Hmm!"
"8374","What would a woman like her","What would a woman like her"
"8376","be doing with a thing like this?","be doing with a thing like this?"
"8384","Wiretap added to","Wiretap added to"
"8386","the Court Record.","the Court Record."
"8404","September 6","September 6"
"8406","Grossberg Law Offices","Grossberg Law Offices"
"8417","(According to the","(According to the"
"8419","receptionist,","receptionist,"
"8421"," the "," the "
"8423","big boss is ""out"".)","big boss is ""out"".)"
"8425","(She couldn't say","(She couldn't say"
"8427","when he'd be back.)","when he'd be back.)"
"8429","(It must be hard to keep","(It must be hard to keep"
"8431","track of everything when","track of everything when"
"8433","you're a famous lawyer...)","you're a famous lawyer...)"
"8435","(Not to mention run an","(Not to mention run an"
"8437","office like this.)","office like this.)"
"8439","(I guess I'll just have","(I guess I'll just have"
"8441","to come back later.)","to come back later.)"
"8452","(Hmm...","(Hmm..."
"8454"," seems like Mr."," seems like Mr."
"8456","Grossberg is out.)","Grossberg is out.)"
"8458","(Well,","(Well,"
"8460"," maybe I should"," maybe I should"
"8462","just wait here for him","just wait here for him"
"8464","to come back.)","to come back.)"
"8469","*Ah-HHHHEM!*","*Ah-HHHHEM!*"
"8475","(If that wasn't the most","(If that wasn't the most"
"8477","over-the-top clearing of the","over-the-top clearing of the"
"8479","throat I've ever heard!)","throat I've ever heard!)"
"8487","Ah","Ah"
"8489"," hah!"," hah!"
"8491"," So,"," So,"
"8493"," you're the"," you're the"
"8495","one they say has been","one they say has been"
"8497","looking for me?","looking for me?"
"8501","Uh...","Uh..."
"8503"," y-"," y-"
"8505","yes, that's me!","yes, that's me!"
"8509","(He looks even...","(He looks even..."
"8511"," grander"," grander"
"8513","than I imagined!)","than I imagined!)"
"8520","Hmm...?","Hmm...?"
"8522"," That badge"," That badge"
"8524","on your collar...?","on your collar...?"
"8526","Ah,","Ah,"
"8528"," so you're a lawyer,"," so you're a lawyer,"
"8531","are you now?","are you now?"
"8535","Y-","Y-"
"8537","yes,","yes,"
"8539"," well..."," well..."
"8541"," yes."," yes."
"8545","And what do you want?","And what do you want?"
"8547","I'm not particularly busy","I'm not particularly busy"
"8549","these days...","these days..."
"8551"," Please,"," Please,"
"8553"," proceed!"," proceed!"
"8558","(Not busy...? ","(Not busy...? "
"8560","Then how come","Then how come"
"8562","no one could get in touch","no one could get in touch"
"8564","with you?)","with you?)"
"8569","Hmm?","Hmm?"
"8571"," Something the matter?"," Something the matter?"
"8573","You came to see the","You came to see the"
"8575","one-and-only Marvin","one-and-only Marvin"
"8577","Grossberg,","Grossberg,"
"8579"," did you not?"," did you not?"
"8581","Well,","Well,"
"8583"," here I am,"," here I am,"
"8585"," boy!"," boy!"
"8588","What do you want?","What do you want?"
"8591","Out with it!","Out with it!"
"8596","Um...","Um..."
"8598"," w-"," w-"
"8600","well,","well,"
"8602"," sir,"," sir,"
"8604"," actually,"," actually,"
"8606","it's about Maya.","it's about Maya."
"8608"," Maya Fey."," Maya Fey."
"8615","...!","...!"
"8620","Ah...","Ah..."
"8622"," yes."," yes."
"8624"," "," "
"8626","Maya Fey.","Maya Fey."
"8629","Go on.","Go on."
"8635","(Hmm?","(Hmm?"
"8637","Why the strange reaction?)","Why the strange reaction?)"
"8642","A-","A-"
"8644","cha-","cha-"
"8646","cha.","cha."
"8648","I'm really quite","I'm really quite"
"8650","busy here,","busy here,"
"8652"," son."," son."
"8654","I can't go taking cases","I can't go taking cases"
"8656","on a day's notice!","on a day's notice!"
"8661","No,","No,"
"8663"," it's quite impossible."," it's quite impossible."
"8667","W-","W-"
"8669","wait a second!","wait a second!"
"8673","How did you know the","How did you know the"
"8675","trial was tomorrow!?","trial was tomorrow!?"
"8681","Urk?","Urk?"
"8683"," Ahem!"," Ahem!"
"8686","A-","A-"
"8688","anyway...","anyway..."
"8691","I'm afraid it's entirely","I'm afraid it's entirely"
"8693","impossible for me to represent","impossible for me to represent"
"8695","her.","her."
"8697"," Sorry."," Sorry."
"8699"," End of discussion."," End of discussion."
"8705","(What's going on!?","(What's going on!?"
"8707"," He refused"," He refused"
"8709","me before I even got a chance","me before I even got a chance"
"8711","to ask him!)","to ask him!)"
"8714","(What do I tell Maya...?)","(What do I tell Maya...?)"
"8726","That painting has been","That painting has been"
"8728","bugging me ever since","bugging me ever since"
"8730","I stepped in here.","I stepped in here."
"8732","The oil paint is so","The oil paint is so"
"8734","thick it's practically","thick it's practically"
"8736","giving me a stuffed nose.","giving me a stuffed nose."
"8738","I'm sure the price is","I'm sure the price is"
"8740","nothing to sneeze at","nothing to sneeze at"
"8742","either,","either,"
"8744"," for that matter."," for that matter."
"8753","A solid mahogany desk.","A solid mahogany desk."
"8756","The wood's been polished","The wood's been polished"
"8758","to a deep luster.","to a deep luster."
"8766","A table for clients.","A table for clients."
"8768","Hmm...","Hmm..."
"8770"," an elegant ebony case,"," an elegant ebony case,"
"8773","and if I'm not mistaken,","and if I'm not mistaken,"
"8775"," that"," that"
"8777","lighter's made of solid gold.","lighter's made of solid gold."
"8779","Even I can tell someone","Even I can tell someone"
"8781","here's got money to burn.","here's got money to burn."
"8789","An expensive potted plant.","An expensive potted plant."
"8791","No idea what kind of plant it","No idea what kind of plant it"
"8793","is,","is,"
"8795"," but it's probably the"," but it's probably the"
"8797","most expensive one available.","most expensive one available."
"8805","Expensive-looking mahogany","Expensive-looking mahogany"
"8807","bookshelves,","bookshelves,"
"8809"," filled with"," filled with"
"8811","expensive-looking books.","expensive-looking books."
"8813","Hmm...","Hmm..."
"8815"," Funny..."," Funny..."
"8817"," They don't"," They don't"
"8819","look like they've ever been","look like they've ever been"
"8821","read.","read."
"8833","How can you just refuse","How can you just refuse"
"8835","like that!","like that!"
"8837"," Please,"," Please,"
"8839"," tell me"," tell me"
"8841","why you won't take the case!","why you won't take the case!"
"8846","Hmm? ","Hmm? "
"8848","Eh,","Eh,"
"8850"," ahem! "," ahem! "
"8852","Well,","Well,"
"8854"," you"," you"
"8856","see it's just...","see it's just..."
"8858"," "," "
"8860","I'm busy,","I'm busy,"
"8863","you see!","you see!"
"8867","But the client is","But the client is"
"8869","Mia Fey's sister!","Mia Fey's sister!"
"8876","Hmm...","Hmm..."
"8878"," ahem."," ahem."
"8883","Mia trusted you...","Mia trusted you..."
"8885"," She knew"," She knew"
"8887","her sister would be in good","her sister would be in good"
"8889","hands.","hands."
"8893","Yes,","Yes,"
"8895"," yes,"," yes,"
"8897"," of course"," of course"
"8899","I know that.","I know that."
"8901","However!","However!"
"8905","I'm sorry but,","I'm sorry but,"
"8907"," I must"," I must"
"8909","refuse.","refuse."
"8911"," Sorry."," Sorry."
"8913"," Good-bye."," Good-bye."
"8917","Creep.","Creep."
"8919","Fine.","Fine."
"8921","I don't have time to argue","I don't have time to argue"
"8923","with you anyway.","with you anyway."
"8925"," I'll go"," I'll go"
"8927","look elsewhere.","look elsewhere."
"8932","*grumble*...","*grumble*..."
"8934"," Think not."," Think not."
"8942","Huh?","Huh?"
"8944"," Did you say something?"," Did you say something?"
"8950","I think not,","I think not,"
"8952"," I said."," I said."
"8956","Wh-","Wh-"
"8960","what do you mean?","what do you mean?"
"8964","I'm terribly,","I'm terribly,"
"8966"," terribly sorry."," terribly sorry."
"8968","But I'm afraid that no lawyer","But I'm afraid that no lawyer"
"8970","worth their salt will take","worth their salt will take"
"8972","on this particular case.","on this particular case."
"8974","Terribly sorry,","Terribly sorry,"
"8976"," m'boy."," m'boy."
"8983","Why!?","Why!?"
"8987","I...","I..."
"8990","I cannot say.","I cannot say."
"8993","...","..."
"8996","I beg your pardon,","I beg your pardon,"
"8998"," but could"," but could"
"9000","you leave?","you leave?"
"9002"," Now? "," Now? "
"9004","I've nothing","I've nothing"
"9006","more to discuss with you.","more to discuss with you."
"9011","(What's going on here!?)","(What's going on here!?)"
"9023","How did you know","How did you know"
"9025","Mia Fey...?","Mia Fey...?"
"9029","...","..."
"9032","She...","She..."
"9034"," worked here."," worked here."
"9037","A long time ago.","A long time ago."
"9039","Quite the apprentice,","Quite the apprentice,"
"9042","that one.","that one."
"9044","Learned my techniques","Learned my techniques"
"9046","in the blink of an eye!","in the blink of an eye!"
"9048","She left one day,","She left one day,"
"9051","quite suddenly...","quite suddenly..."
"9053","She had a mission, ","She had a mission, "
"9055","you see.","you see."
"9061","A ""mission""?","A ""mission""?"
"9065","You could see it in her eyes.","You could see it in her eyes."
"9067","She followed it with","She followed it with"
"9069","a burning passion.","a burning passion."
"9072","Never looked back,","Never looked back,"
"9074"," that one."," that one."
"9084","That's...","That's..."
"9086"," quite a painting."," quite a painting."
"9093","Ahah! ","Ahah! "
"9095","You noticed!","You noticed!"
"9097","It's my pride and joy!","It's my pride and joy!"
"9102","Impressive,","Impressive,"
"9104"," isn't it?"," isn't it?"
"9107","Well? ","Well? "
"9109","ISN'T IT?","ISN'T IT?"
"9114","The color of the sky!","The color of the sky!"
"9120","The hue of the sea!","The hue of the sea!"
"9126","The weave of the straw hat!","The weave of the straw hat!"
"9128","It's worth at least three","It's worth at least three"
"9130","million.","million."
"9132"," I have no intention"," I have no intention"
"9134","of parting with it,","of parting with it,"
"9136"," of course."," of course."
"9138","No,","No,"
"9140"," "," "
"9142","I won't sell it!","I won't sell it!"
"9145","Not even to you!","Not even to you!"
"9150","(I wasn't interested...)","(I wasn't interested...)"
"9158","It's not for sale!","It's not for sale!"
"9165","I'm not buying!","I'm not buying!"
"9169","(Geez!)","(Geez!)"
"9179","Very sorry,","Very sorry,"
"9181"," but I've"," but I've"
"9183","got nothing to say","got nothing to say"
"9185","regarding this matter.","regarding this matter."
