"index","original_content","translated_content"
"16","7 вересня, 10:00","7 вересня, 10:00"
"18","Окружний суд","Окружний суд"
"20","Судова зала №1","Судова зала №1"
"48","Судове засідання оголошується відкритим","Судове засідання оголошується відкритим"
"50","у справі проти пані Маї Фей.","у справі проти пані Маї Фей."
"56","Сторона обвинувачення","Сторона обвинувачення"
"58","готова,","готова,"
"60"," Ваша честь."," Ваша честь."
"69","Сторона захисту","Сторона захисту"
"71","готова,","готова,"
"73"," Ваша честь."," Ваша честь."
"78","(Майлз Еджворт...)","(Майлз Еджворт...)"
"81","(Мені б краще не подати ні знаку","(Мені б краще не подати ні знаку"
"83","слабкості сьогодні,","слабкості сьогодні,"
"85"," бо інакше"," бо інакше"
"87","проблеми настануть миттєво.)","проблеми настануть миттєво.)"
"94","Пане Еджворт.","Пане Еджворт."
"97","Будь ласка, представте нам","Будь ласка, представте нам"
"99","вашу вступну промову.","вашу вступну промову."
"104","Дякую,","Дякую,"
"106"," Ваша честь."," Ваша честь."
"109","Підсудна,","Підсудна,"
"111"," пані Мая Фей,"," пані Мая Фей,"
"114","була присутня на місці злочину.","була присутня на місці злочину."
"116","Прокуратура має докази","Прокуратура має докази"
"118","що вона вчинила це вбиство...","що вона вчинила це вбиство..."
"120","і в нас є свідок","і в нас є свідок"
"122","що бачив її під час скоєння злочину.","що бачив її під час скоєння злочину."
"124","Сторона обвинувачення не бачить","Сторона обвинувачення не бачить"
"126","причини сперечатися з фактами","причини сперечатися з фактами"
"128","цієї справи,","цієї справи,"
"130"," Ваша честь."," Ваша честь."
"136","Зрозуміло.","Зрозуміло."
"141","Дякую, пане Еджворт.","Дякую, пане Еджворт."
"144","Тоді, почнемо.","Тоді, почнемо."
"150","Чи можемо ми викликати нашого першого","Чи можемо ми викликати нашого першого"
"152","свідка, Ваша честь.","свідка, Ваша честь."
"154","Сторона обвинувачення викликає","Сторона обвинувачення викликає"
"156","старшого офіцера на місці,","старшого офіцера на місці,"
"159","Детектива Гамшу!","Детектива Гамшу!"
"177","Свідок,","Свідок,"
"179"," Будь ласка, назвіть свої"," Будь ласка, назвіть свої"
"181","прізвище, ім'я","прізвище, ім'я"
"183","та професію.","та професію."
"191","Сер, Ваша честь!","Сер, Ваша честь!"
"193","Я Дік Гамшу,","Я Дік Гамшу,"
"195"," сер!"," сер!"
"197","За професією я детектив","За професією я детектив"
"199","що опікується у","що опікується у"
"201","бивствами","бивствами"
"203","у відділку,","у відділку,"
"205"," сер!"," сер!"
"210","Детективе Гамшу.","Детективе Гамшу."
"212","Будь ласка, опишіть нам","Будь ласка, опишіть нам"
"214","деталі цього вбивства.","деталі цього вбивства."
"225","Так точно,","Так точно,"
"227"," сер!"," сер!"
"230","Дозвольте показати і пояснити","Дозвольте показати і пояснити"
"232","вам на мапі офісу.","вам на мапі офісу."
"248","Тіло було знайдено під","Тіло було знайдено під"
"250","цим вікном, ","цим вікном, "
"252","ось тут.","ось тут."
"256","Причина смерті?","Причина смерті?"
"259","Крововтрата унаслідок","Крововтрата унаслідок"
"261","удару тупим предметом,","удару тупим предметом,"
"263"," сер!"," сер!"
"267","Знаряддя убивства це","Знаряддя убивства це"
"269","статуя ","статуя "
"271","""Мислителя""","""Мислителя"""
"273"," знайдена поблизу"," знайдена поблизу"
"275","тіла жертви,","тіла жертви,"
"277"," сер!"," сер!"
"281","Вона була достатньо тяжкою, аби","Вона була достатньо тяжкою, аби"
"283","бути смертельною зброєю,","бути смертельною зброєю,"
"285"," навіть"," навіть"
"287","у руках дівчинки, ","у руках дівчинки, "
"289","сер!","сер!"
"305","Суд приймає цю","Суд приймає цю"
"307","статую як доказ.","статую як доказ."
"316","(Вони називають","(Вони називають"
"318","це ""статуєю""...)","це ""статуєю""...)"
"327","План поверху було додано до","План поверху було додано до"
"329","Матеріалів справи.","Матеріалів справи."
"337","Тепер,","Тепер,"
"339"," Детективе..."," Детективе..."
"351","Т―","Т―"
"353","так точно, сер!","так точно, сер!"
"362","Ви негайно затримали","Ви негайно затримали"
"364","пані Маю Фей,","пані Маю Фей,"
"366"," яку було знайдено"," яку було знайдено"
"368","на місці злочину, ","на місці злочину, "
"370","чи не так?","чи не так?"
"372","Чи не могли б ви пояснити, чому?","Чи не могли б ви пояснити, чому?"
"384","Так точно, сер!","Так точно, сер!"
"387","Я мав вагомі докази","Я мав вагомі докази"
"389","її участі,","її участі,"
"391"," сер!"," сер!"
"397","Гмм...","Гмм..."
"401","Детективе Гамшу.","Детективе Гамшу."
"404","Дайте свідчення суду","Дайте свідчення суду"
"406","щодо цих ","щодо цих "
"408","""вагомих доказів.""","""вагомих доказів."""
"431","―― Арешт Маї Фей ――","―― Арешт Маї Фей ――"
"444","Тільки-но задзвонив","Тільки-но задзвонив"
"446","телефон,","телефон,"
"448"," Я помчався на місце злочину!"," Я помчався на місце злочину!"
"450","На місці вже були","На місці вже були"
"452","двоє людей:","двоє людей:"
"454","Підсудна,","Підсудна,"
"456"," пані Мая Фей,"," пані Мая Фей,"
"459","і адвокат,","і адвокат,"
"461"," пан Фенікс"," пан Фенікс"
"463","Райт.","Райт."
"466","Я негайно заарештував","Я негайно заарештував"
"468","пані Маю Фей!","пані Маю Фей!"
"475","Чому?","Чому?"
"477"," Ми вже мали розповідь свідка,"," Ми вже мали розповідь свідка,"
"479","що детально описувала її!","що детально описувала її!"
"482","Свідок бачила пані Маю","Свідок бачила пані Маю"
"484","Фей прямо у мить","Фей прямо у мить"
"486","убивства!","убивства!"
"500","Гмм...","Гмм..."
"505","Прямо у мить,","Прямо у мить,"
"507"," кажете."," кажете."
"509","Ну що ж.","Ну що ж."
"511"," пане Райт,"," пане Райт,"
"513","ви можете розпочати свій","ви можете розпочати свій"
"515","перехресний допит.","перехресний допит."
"521","Т―","Т―"
"523","так, Ваша честь.","так, Ваша честь."
"527","(Перехресний допит чого...?)","(Перехресний допит чого...?)"
"530","(Я не бачу жодного","(Я не бачу жодного"
"532","протиріччя у цьому","протиріччя у цьому"
"534","свідченні...)","свідченні...)"
"544","...вжух...","...вжух..."
"549","    ","    "
"554","ЛЯСЬ!","ЛЯСЬ!"
"562","(Гей! Мая щойно кинула","(Гей! Мая щойно кинула"
"564","у мене чимось...)","у мене чимось...)"
"576","(Це ще що таке?)","(Це ще що таке?)"
"579","(""Коли моя сестра не могла","(""Коли моя сестра не могла"
"581","знайти жодного протиріччя","знайти жодного протиріччя"
"583","у свідченні під час допиту"")","у свідченні під час допиту"")"
"585","(""вона блефувала і","(""вона блефувала і"
"587","давила на кожну деталь,","давила на кожну деталь,"
"589","сказану свідком!"")","сказану свідком!"")"
"591","(""Свідки завжди обмовляються","(""Свідки завжди обмовляються"
"593","і кажуть щось","і кажуть щось"
"595","не зовсім так..."")","не зовсім так..."")"
"599","(""Це дуже часто працює!"")","(""Це дуже часто працює!"")"
"602","(Хех...","(Хех..."
"604"," Я мав би очікувати"," Я мав би очікувати"
"606","від Маї знання деяких","від Маї знання деяких"
"608","хитрощів своєї сестри!)","хитрощів своєї сестри!)"
"611","(Ну добре.","(Ну добре."
"614","Спробуймо так!)","Спробуймо так!)"
"628","Щось сталося?","Щось сталося?"
"635","Ні,","Ні,"
"637"," Ваша честь."," Ваша честь."
"640","Я б хотів розпочати свій","Я б хотів розпочати свій"
"642","перехресний допит.","перехресний допит."
"665","―― Арешт Маї Фей ――","―― Арешт Маї Фей ――"
"685","Тільки-но задзвонив телефон,","Тільки-но задзвонив телефон,"
"687"," я помчався на місце злочину!"," я помчався на місце злочину!"
"700","На місці вже були","На місці вже були"
"702","двоє людей:","двоє людей:"
"715","Підсудна, пані Мая Фей,","Підсудна, пані Мая Фей,"
"717","і адвокат, пан Фенікс","і адвокат, пан Фенікс"
"719","Райт.","Райт."
"732","Я негайно заарештував","Я негайно заарештував"
"734","пані Маю Фей!","пані Маю Фей!"
"747","Чому? Ми вже мали розповідь свідка,","Чому? Ми вже мали розповідь свідка,"
"749","що детально описувала її!","що детально описувала її!"
"762","Свідок бачила пані Маю","Свідок бачила пані Маю"
"764","Фей прямо у мить","Фей прямо у мить"
"766","убивства!","убивства!"
"777","(Я не можу побачити тут","(Я не можу побачити тут"
"779","жодного протиріччя!)","жодного протиріччя!)"
"782","(Мабуть, я маю прислухатись до","(Мабуть, я маю прислухатись до"
"784","поради Маї та допитувати","поради Маї та допитувати"
"786","його далі на усьому підозрілому!)","його далі на усьому підозрілому!)"
"805","Хто, ви казали,","Хто, ви казали,"
"807","вам подзвонив?","вам подзвонив?"
"818","Агов, друже,","Агов, друже,"
"820"," не клей з себе"," не клей з себе"
"822","дурня!","дурня!"
"824"," Ти знаєш, хто!"," Ти знаєш, хто!"
"827","Дзвінок був від клієнта","Дзвінок був від клієнта"
"829","готелю Ґейтвотер,","готелю Ґейтвотер,"
"831"," прямо"," прямо"
"833","навпроти місця злочину!","навпроти місця злочину!"
"839","(Гмм...","(Гмм..."
"841"," Добре,"," Добре,"
"843"," Я допитав."," Я допитав."
"846","Не певен, що це хоч чимось,","Не певен, що це хоч чимось,"
"848"," допоможе, звісно.)"," допоможе, звісно.)"
"852","Добре.","Добре."
"855","Будь ласка,продовжуйте.","Будь ласка,продовжуйте."
"873","Детективе Гамшу,","Детективе Гамшу,"
"875"," скільки"," скільки"
"877","часу, на вашу думку, пройшло","часу, на вашу думку, пройшло"
"879","між тим, як ви відповіли","між тим, як ви відповіли"
"881","на дзвінок,","на дзвінок,"
"883"," і вашим прибуттям"," і вашим прибуттям"
"885","на місце злочину?","на місце злочину?"
"894","Гмм,","Гмм,"
"896"," так..."," так..."
"898"," Я б сказав,"," Я б сказав,"
"900","це зайняло приблизно 3 хвилини!","це зайняло приблизно 3 хвилини!"
"906","Ц―","Ц―"
"908","Це доволі швидко!","Це доволі швидко!"
"919","Наш девіз цього місяця","Наш девіз цього місяця"
"921","─ ","─ "
"923","""швидке реагування""!","""швидке реагування""!"
"926","Саме так я дістався туди","Саме так я дістався туди"
"928","перед тим, як убивця накиває п'ятами!","перед тим, як убивця накиває п'ятами!"
"933","Саме так!","Саме так!"
"935","Отже,","Отже,"
"937"," розкажіть нам, хто були"," розкажіть нам, хто були"
"939","ці двоє осіб, яких ви","ці двоє осіб, яких ви"
"941","знайшли на місці злочину.","знайшли на місці злочину."
"948","Так точно, ","Так точно, "
"950","сер!","сер!"
"974","Чи ви абсолютно впевнені,","Чи ви абсолютно впевнені,"
"976","що це були саме ми?","що це були саме ми?"
"988","Слухай, друже,","Слухай, друже,"
"990"," твій цирк на дроті"," твій цирк на дроті"
"992","далеко не заїде!","далеко не заїде!"
"995","Її дивакувате хіпарське вбрання,","Її дивакувате хіпарське вбрання,"
"997","і твоя шипаста зачіска?","і твоя шипаста зачіска?"
"1003","Ви обоє виділяєтесь, немов...","Ви обоє виділяєтесь, немов..."
"1006","немов підозрілі люди","немов підозрілі люди"
"1008","на місці злочину!","на місці злочину!"
"1014","(Ну...","(Ну..."
"1016"," щодо неї"," щодо неї"
"1018","він дійсно має рацію.)","він дійсно має рацію.)"
"1020","(Сплутати її з кимось було б важко.)","(Сплутати її з кимось було б важко.)"
"1023","(Я маю давити на","(Я маю давити на"
"1025","точки у допиті з трохи","точки у допиті з трохи"
"1027","більшою обережністю...)","більшою обережністю...)"
"1048","Чому?","Чому?"
"1051","У чому була причина арешту?","У чому була причина арешту?"
"1071","Заждіть на мить!","Заждіть на мить!"
"1079","Т―","Т―"
"1081","так?","так?"
"1086","Якщо мене не обманює слух...","Якщо мене не обманює слух..."
"1091","Ви зазначили, що заарештували її,","Ви зазначили, що заарештували її,"
"1093","адже мали ""вагомі","адже мали ""вагомі"
"1095","докази"" її участі,","докази"" її участі,"
"1097"," чи не так?"," чи не так?"
"1104","Га?","Га?"
"1107","Я...","Я..."
"1109"," я це сказав? Я?"," я це сказав? Я?"
"1116","Я чув, як ви це сказали!","Я чув, як ви це сказали!"
"1125","Ви дійсно це сказали.","Ви дійсно це сказали."
"1134","Ви це сказали.","Ви це сказали."
"1148","Що саме в заяві цієї","Що саме в заяві цієї"
"1151","підозрілої фіалової ","підозрілої фіалової "
"1153","панянки","панянки"
"1155","було ""вагомим доказом""!?","було ""вагомим доказом""!?"
"1165","Щ―","Щ―"
"1170","що!?","що!?"
"1173","Пані Квітка не підозріла,","Пані Квітка не підозріла,"
"1176","і вона точно не фіалова, ","і вона точно не фіалова, "
"1178","друже!","друже!"
"1186","Х―","Х―"
"1188","хоча,","хоча,"
"1191"," Мабуть, вона"," Мабуть, вона"
"1193","все ж фіалова...","все ж фіалова..."
"1199","Достатньо, ","Достатньо, "
"1202","Детективе Гамшу.","Детективе Гамшу."
"1206","Чи маєте ви щось","Чи маєте ви щось"
"1208","більш надійне, ніж","більш надійне, ніж"
"1210","її заява,","її заява,"
"1212"," детективе?"," детективе?"
"1219","Емм...","Емм..."
"1226","(Ага! ","(Ага! "
"1228","А все-таки додатковий допит","А все-таки додатковий допит"
"1230","вартий отриманих переваг!)","вартий отриманих переваг!)"
"1237","...","..."
"1245","Так.","Так."
"1257","(Трясця!)","(Трясця!)"
"1266","Пробачте,","Пробачте,"
"1268"," У мене порядок подій"," У мене порядок подій"
"1270","у свідченні трошки","у свідченні трошки"
"1272","сплутався,","сплутався,"
"1274"," Ваша честь, сер!"," Ваша честь, сер!"
"1281","Дещо я все ж мав би","Дещо я все ж мав би"
"1283","розказати вам аж","розказати вам аж"
"1285","на початку,","на початку,"
"1287"," Ваша честь!"," Ваша честь!"
"1293","Дуже добре,","Дуже добре,"
"1295"," Детективе."," Детективе."
"1298"," Давайте"," Давайте"
"1300","вислухаємо ваше свідчення знову.","вислухаємо ваше свідчення знову."
"1324","―― Вагомі Докази ――","―― Вагомі Докази ――"
"1337","Тільки-но я затримав підозрювану,","Тільки-но я затримав підозрювану,"
"1340","я оглянув місце злочину","я оглянув місце злочину"
"1342","власними очима.","власними очима."
"1347","І що я побачив ─ записку","І що я побачив ─ записку"
"1349","на шматочці паперу поряд з ","на шматочці паперу поряд з "
"1351","тілом жертви!","тілом жертви!"
"1355","На записці,","На записці,"
"1357"," було написано"," було написано"
"1359","слово ""Мая"", очевидно кров'ю!","слово ""Мая"", очевидно кров'ю!"
"1364","Аналіз крові підтвердив її","Аналіз крові підтвердив її"
"1366","належність до жертви!","належність до жертви!"
"1372","Також,","Також,"
"1374"," кров була і"," кров була і"
"1376","на пальці вбитої!","на пальці вбитої!"
"1384","Перед ","Перед "
"1386","своєю смертю,","своєю смертю,"
"1388"," "," "
"1390","жертва","жертва"
"1392","написала ","написала "
"1394","ім'я убивці!","ім'я убивці!"
"1417","Як вам таке?","Як вам таке?"
"1420","Саме це і є ","Саме це і є "
"1422","мій ""вагомий доказ""!","мій ""вагомий доказ""!"
"1436","Хм...","Хм..."
"1440","Перш ніж ми почнемо перехресний ","Перш ніж ми почнемо перехресний "
"1442","допит,","допит,"
"1444"," я маю "," я маю "
"1446","до вас невелике питання,","до вас невелике питання,"
"1448"," детективе."," детективе."
"1453","В―","В―"
"1456","Ваша честь?","Ваша честь?"
"1465","Чому","Чому"
"1467"," ви не зазначили "," ви не зазначили "
"1469","про цей важливий","про цей важливий"
"1471","доказ у своєму свідченні","доказ у своєму свідченні"
"1473","з самого початку!?","з самого початку!?"
"1484","А...","А..."
"1486"," Е-е..."," Е-е..."
"1488"," Я зрозумів."," Я зрозумів."
"1490"," М-мені дійсно"," М-мені дійсно"
"1492","соромно, що я забув про","соромно, що я забув про"
"1494","це, Ваша честь, сер.","це, Ваша честь, сер."
"1503","Будьте обачнішим!","Будьте обачнішим!"
"1507","Отже,","Отже,"
"1509"," сторона захисту може"," сторона захисту може"
"1511","розпочати перехресний допит.","розпочати перехресний допит."
"1534","―― Вагомі Докази ――","―― Вагомі Докази ――"
"1554","Тільки-но я затримав підозрювану,","Тільки-но я затримав підозрювану,"
"1556","я оглянув місце злочину","я оглянув місце злочину"
"1558","власними очима.","власними очима."
"1571","І що я побачив ─ записку","І що я побачив ─ записку"
"1573","на шматочці паперу поряд з ","на шматочці паперу поряд з "
"1575","тілом жертви!","тілом жертви!"
"1588","На записці,","На записці,"
"1590","було написано слово ""Мая"", очевидно кров'ю!","було написано слово ""Мая"", очевидно кров'ю!"
"1603","Аналіз крові підтвердив її","Аналіз крові підтвердив її"
"1605","належність до жертви!","належність до жертви!"
"1618","Також, кров була і","Також, кров була і"
"1620","на пальці вбитої!","на пальці вбитої!"
"1633","Перед своєю смертю,","Перед своєю смертю,"
"1635","жертва написала ім'я убивці!","жертва написала ім'я убивці!"
"1647","(Це його повноцінне","(Це його повноцінне"
"1649","свідчення...)","свідчення...)"
"1651","(Добре,","(Добре,"
"1653"," ну має ж бути якесь"," ну має ж бути якесь"
"1655","протиріччя у словах","протиріччя у словах"
"1657","детектива.","детектива."
"1659"," Нумо до пошуків!)"," Нумо до пошуків!)"
"1678","Чи знайшли ви якісь","Чи знайшли ви якісь"
"1680","важливі докази?","важливі докази?"
"1692","Ну,","Ну,"
"1694"," ну,"," ну,"
"1696"," не біжи"," не біжи"
"1698","поперед батька в пекло,","поперед батька в пекло,"
"1700"," друже."," друже."
"1702","Просто послухай.","Просто послухай."
"1704"," Я майже дійшов"," Я майже дійшов"
"1706","до головного!","до головного!"
"1718","(Щось погане у мене передчуття","(Щось погане у мене передчуття"
"1720","з приводу цього...)","з приводу цього...)"
"1743","Лиш те, що ви ","Лиш те, що ви "
"1745","знайшли записку","знайшли записку"
"1747","поряд із жертвою, ","поряд із жертвою, "
"1749","ще не означає,","ще не означає,"
"1751","що саме жертва її написала!","що саме жертва її написала!"
"1763","Хо ","Хо "
"1765","Хо!","Хо!"
"1768","І хто ж тоді написав","І хто ж тоді написав"
"1770","її,","її,"
"1772"," розумнику?"," розумнику?"
"1782","Х―","Х―"
"1784","хто? ","хто? "
"1786","Е-е...","Е-е..."
"1802","В―","В―"
"1804","вбивця!","вбивця!"
"1807","Це хто завгодно побачить!","Це хто завгодно побачить!"
"1819","Ха-ха...","Ха-ха..."
"1822","То ти кажеш, що вбивця","То ти кажеш, що вбивця"
"1824","написала СВОЄ ж ім'я!?","написала СВОЄ ж ім'я!?"
"1826"," "," "
"1828","Друже,","Друже,"
"1830"," шукай дурних!"," шукай дурних!"
"1843","Її підставили!","Її підставили!"
"1856","Заждіть.","Заждіть."
"1859","Якщо все так, як ви кажете,","Якщо все так, як ви кажете,"
"1862","де ваші докази?","де ваші докази?"
"1874","А...","А..."
"1878","(Чорт!)","(Чорт!)"
"1891","Ха!","Ха!"
"1893"," Мабуть,"," Мабуть,"
"1895","трохи зависока планка","трохи зависока планка"
"1897","для вас.","для вас."
"1899","Ті, хто доказів не мають,","Ті, хто доказів не мають,"
"1901","нехай свій рот на замку","нехай свій рот на замку"
"1903","тримають,","тримають,"
"1905"," пане Райт."," пане Райт."
"1914","Так точно,","Так точно,"
"1916"," друже!"," друже!"
"1925","(Та щоб вас...!)","(Та щоб вас...!)"
"1935","Ну...","Ну..."
"1937"," це так само могла бути"," це так само могла бути"
"1939","ваша свідкиня,","ваша свідкиня,"
"1941"," пані Лілія Квітка!"," пані Лілія Квітка!"
"1954","Заждіть.","Заждіть."
"1957","Свідкиня перебувала у","Свідкиня перебувала у"
"1959","номері готелю,","номері готелю,"
"1961"," не в офісі."," не в офісі."
"1971","Не замилюйте нам очі,","Не замилюйте нам очі,"
"1974","пане Райт!","пане Райт!"
"1986","Так,","Так,"
"1988"," і якщо вже замилюєш,"," і якщо вже замилюєш,"
"1990","то,","то,"
"1992"," випери ще й мій піджак,"," випери ще й мій піджак,"
"1994"," друже!"," друже!"
"2002","(Та ви знущаєтесь...!)","(Та ви знущаєтесь...!)"
"2011","Це...","Це..."
"2013"," "," "
"2017","це так само міг бути і я!","це так само міг бути і я!"
"2029","ШО!?","ШО!?"
"2031"," "," "
"2033","Т―","Т―"
"2035","то це все-таки","то це все-таки"
"2037"," був "," був "
"2041","ти!","ти!"
"2053","Ні-","Ні-"
"2055","ні-","ні-"
"2057","ні,","ні,"
"2059"," я просто кажу,"," я просто кажу,"
"2061","це МІГ бути я!","це МІГ бути я!"
"2064","Чи є у тебе докази, що це був не я?","Чи є у тебе докази, що це був не я?"
"2077","Зачекай...те.","Зачекай...те."
"2079","Отже,","Отже,"
"2081"," ви зізнаєтесь у цьому?"," ви зізнаєтесь у цьому?"
"2084","Ви зізнаєтесь у тому,","Ви зізнаєтесь у тому,"
"2086","що написали цю записку?","що написали цю записку?"
"2098","Ем-м...","Ем-м..."
"2104","Послухайте уважно,","Послухайте уважно,"
"2106"," пане Райт."," пане Райт."
"2108","Ми зараз на суді,","Ми зараз на суді,"
"2110"," і"," і"
"2112","я б волів, аби ви уникали","я б волів, аби ви уникали"
"2114","абсолютно дурних заяв!","абсолютно дурних заяв!"
"2122","Дилетант!","Дилетант!"
"2135","(...!)","(...!)"
"2144","Ну ж бо,","Ну ж бо,"
"2146"," детективе?"," детективе?"
"2148","Розкажіть нам, що було написано","Розкажіть нам, що було написано"
"2150","на знайденій вами записці.","на знайденій вами записці."
"2172","Чи маєте ви докази, що саме","Чи маєте ви докази, що саме"
"2174","Мія написала це!?","Мія написала це!?"
"2186","Авжеж маю,","Авжеж маю,"
"2188"," друже!"," друже!"
"2195","(От халепа...","(От халепа..."
"2197"," Щось надто впевнено"," Щось надто впевнено"
"2199","це прозвучало.","це прозвучало."
"2201"," Добра чекати"," Добра чекати"
"2203","явно не варто...)","явно не варто...)"
"2224","Нагадайте, що саме за","Нагадайте, що саме за"
"2226","""тести"" це були?","""тести"" це були?"
"2239","Га?","Га?"
"2241"," Що за тести?"," Що за тести?"
"2243","А, ну,...","А, ну,..."
"2245"," Кхм-кхм..."," Кхм-кхм..."
"2248","Ну, я чув, що беруть такі...","Ну, я чув, що беруть такі..."
"2250"," "," "
"2252","ну,","ну,"
"2254","дрібні частинки у крові,","дрібні частинки у крові,"
"2258","як їх...","як їх..."
"2260"," ге..."," ге..."
"2262"," "," "
"2264","гемо...","гемо..."
"2266"," гемогл..."," гемогл..."
"2268","Гермо...","Гермо..."
"2270"," гобліни..."," гобліни..."
"2272"," гоп-гоп..."," гоп-гоп..."
"2276","Га...?","Га...?"
"2278"," Герма-гобліни, млини..."," Герма-гобліни, млини..."
"2286","Я―","Я―"
"2289","Я відмовляюсь відповідати","Я відмовляюсь відповідати"
"2291","на це запитання, ","на це запитання, "
"2293","сер, друже!","сер, друже!"
"2296","Я не ","Я не "
"2299","експерт у кров'яних справах!","експерт у кров'яних справах!"
"2304","Так,","Так,"
"2306"," з цим ніхто не сперечатиметься."," з цим ніхто не сперечатиметься."
"2309","Можете продовжити","Можете продовжити"
"2311","з вашим свідченням.","з вашим свідченням."
"2318","Д―","Д―"
"2320","дякую,","дякую,"
"2322"," друже..."," друже..."
"2325","Ой, я мав на увазі, Ваша честь, сер.","Ой, я мав на увазі, Ваша честь, сер."
"2334","Детективе Гамшу.","Детективе Гамшу."
"2345","Т―","Т―"
"2347","так?","так?"
"2358","Я з нетерпінням чекатиму вашої наступної","Я з нетерпінням чекатиму вашої наступної"
"2360","атестації. Раджу і вам чекати.","атестації. Раджу і вам чекати."
"2373","...","..."
"2375","О―","О―"
"2377","оу...","оу..."
"2384","(Ну й безлад це був...)","(Ну й безлад це був...)"
"2393","Так! Точно!","Так! Точно!"
"2395"," На чому я зупинився?"," На чому я зупинився?"
"2414","Детективе Гамшу!","Детективе Гамшу!"
"2417","Чи часто вам випадає справа,","Чи часто вам випадає справа,"
"2419","де жертва дійсно","де жертва дійсно"
"2421","пише ім'я убивці?","пише ім'я убивці?"
"2432","Ну, авжеж!","Ну, авжеж!"
"2434"," Таке постійно відбувається"," Таке постійно відбувається"
"2436","у книжках, серіалах і фільмах!","у книжках, серіалах і фільмах!"
"2441","Це не фільм і не серіал,","Це не фільм і не серіал,"
"2443"," детективе."," детективе."
"2454","Ой!","Ой!"
"2459","Поговоримо краще про","Поговоримо краще про"
"2461","світ реальний,","світ реальний,"
"2463"," а не серіальний."," а не серіальний."
"2473","Ну...","Ну..."
"2475"," Думаю,"," Думаю,"
"2477"," не чув я, щоб"," не чув я, щоб"
"2479","було багацько таких справ...","було багацько таких справ..."
"2481"," ні."," ні."
"2491","Чи не здається вам це хоч трохи","Чи не здається вам це хоч трохи"
"2493","дивним, щоб жертва","дивним, щоб жертва"
"2495","писала ім'я?","писала ім'я?"
"2497","Тим паче, ім'я","Тим паче, ім'я"
"2499","власної сестри?","власної сестри?"
"2510","А, ну,","А, ну,"
"2512"," так,"," так,"
"2514"," дійсно,"," дійсно,"
"2517","тут ти маєш рацію,","тут ти маєш рацію,"
"2519"," друже."," друже."
"2535","Тут я вас зупиню.","Тут я вас зупиню."
"2543","Думка свідка з цього приводу","Думка свідка з цього приводу"
"2545","є абсолютно іррелевантною!","є абсолютно іррелевантною!"
"2547","Факти перед нами ясні і зрозумілі: ","Факти перед нами ясні і зрозумілі: "
"2549","жертва","жертва"
"2551","записала на папері","записала на папері"
"2553","ім'я обвинуваченої...","ім'я обвинуваченої..."
"2562","Жертва хотіла залишити","Жертва хотіла залишити"
"2564","нам ім'я своєї убивці!","нам ім'я своєї убивці!"
"2589","Тихо!","Тихо!"
"2591"," Тиша в залі суду!"," Тиша в залі суду!"
"2599","(Що ж, і це пішло шкереберть...)","(Що ж, і це пішло шкереберть...)"
"2606","Д―","Д―"
"2611","дійсно!","дійсно!"
"2616","Прямо так, як він сказав!","Прямо так, як він сказав!"
"2624","На якій руці був","На якій руці був"
"2626","закривавлений палець,","закривавлений палець,"
"2628"," детективе?"," детективе?"
"2640","На правій руці!","На правій руці!"
"2646","(Ага...","(Ага..."
"2648"," правда, вона БУЛА"," правда, вона БУЛА"
"2650","правшею...)","правшею...)"
"2663","Ха ","Ха "
"2665","ха ","ха "
"2667","ха!","ха!"
"2670","Гарна спроба!","Гарна спроба!"
"2679","(От трясця...","(От трясця..."
"2681"," Схоже, моя спроба була"," Схоже, моя спроба була"
"2683","настільки очевидною,","настільки очевидною,"
"2685","що навіть він здогадався.)","що навіть він здогадався.)"
"2707","Детективе Гамшу!","Детективе Гамшу!"
"2710","Я б хотів, аби ви уточнили ","Я б хотів, аби ви уточнили "
"2712","мені одну річ у","мені одну річ у"
"2714","вашому свідченні.","вашому свідченні."
"2718","Ви заявляєте, що жертва,","Ви заявляєте, що жертва,"
"2721","Мія Фей, ","Мія Фей, "
"2723","написала цю записку.","написала цю записку."
"2725","Що вона звинуватила","Що вона звинуватила"
"2727","підсудну,","підсудну,"
"2729"," Маю Фей?"," Маю Фей?"
"2731","Чи це дійсно те,","Чи це дійсно те,"
"2733","що ви мали на увазі?","що ви мали на увазі?"
"2745","Щ―","Щ―"
"2747","що?","що?"
"2750"," Це ж не один з"," Це ж не один з"
"2752","цих ваших адвокатських трюків,","цих ваших адвокатських трюків,"
"2755","ну,","ну,"
"2757"," чи не так?"," чи не так?"
"2765","Авжеж вона написала це!","Авжеж вона написала це!"
"2768","Хт","Хт"
"2770","о б ще міг!?","о б ще міг!?"
"2782","Все абсолютно навпаки,","Все абсолютно навпаки,"
"2785","детективе.","детективе."
"2791","Нав―","Нав―"
"2793","навпаки?","навпаки?"
"2800","Жертва ─ це єдина особа,","Жертва ─ це єдина особа,"
"2802","що абсолютно","що абсолютно"
"2804","НЕ могла написати записку!","НЕ могла написати записку!"
"2807","Цей протокол саме з","Цей протокол саме з"
"2809","вашого відділу,","вашого відділу,"
"2811"," детективе Гамшу."," детективе Гамшу."
"2814","""Миттєва смерть від","""Миттєва смерть від"
"2816","удару тупим предметом.""","удару тупим предметом."""
"2831","Вона по","Вона по"
"2833","мерла ","мерла "
"2835","миттєво!","миттєво!"
"2848","Але ж...!","Але ж...!"
"2859","На ""але"" ви","На ""але"" ви"
"2861","тепер далеко","тепер далеко"
"2863","не виїдете,","не виїдете,"
"2865"," детективе!"," детективе!"
"2888","Прошу тиші!","Прошу тиші!"
"2890"," Тиша!"," Тиша!"
"2893","Сторона захисту має рацію.","Сторона захисту має рацію."
"2895","Той, хто помер миттєво,","Той, хто помер миттєво,"
"2897","не матиме жодного часу","не матиме жодного часу"
"2899","для будь-яких записів.","для будь-яких записів."
"2910","Пане Райт.","Пане Райт."
"2912","Я щиро перепрошую,","Я щиро перепрошую,"
"2914"," але коли саме"," але коли саме"
"2916","ви отримали цей","ви отримали цей"
"2918","протокол розтину?","протокол розтину?"
"2930","К―","К―"
"2932","коли...!?","коли...!?"
"2945","Я...","Я..."
"2947"," Я певен це було"," Я певен це було"
"2949","прямо у день убивства.","прямо у день убивства."
"2961","Ти трохи помиляєшся,","Ти трохи помиляєшся,"
"2963"," друже!"," друже!"
"2965","Ми не писали протокол","Ми не писали протокол"
"2967","розтину аж до наступного дня!","розтину аж до наступного дня!"
"2978","Оу.","Оу."
"2980"," Точно."," Точно."
"2988","Це було на наступний день","Це було на наступний день"
"2990","після вбивства...","після вбивства..."
"3001","Я...","Я..."
"3003"," перепрошую,"," перепрошую,"
"3005"," я забув."," я забув."
"3017","Ха!","Ха!"
"3020","Забули,","Забули,"
"3022"," кажете?"," кажете?"
"3031","Це було на наступний день","Це було на наступний день"
"3033","після вбивства,","після вбивства,"
"3035"," Ваша честь, сер."," Ваша честь, сер."
"3037","Я особисто віддав","Я особисто віддав"
"3039","протокол йому в руки! ","протокол йому в руки! "
"3041","О-со-бис-то!","О-со-бис-то!"
"3046","Оу.","Оу."
"3048"," П―"," П―"
"3050","правда.","правда."
"3058","Що має на увазі сторона","Що має на увазі сторона"
"3060","обвинувачення...?","обвинувачення...?"
"3071","Цей протокол розтину,","Цей протокол розтину,"
"3073","він ","він "
"3077","застарілий,","застарілий,"
"3079"," Ваша честь."," Ваша честь."
"3093","Щ―","Щ―"
"3095","що, вибачте!?","що, вибачте!?"
"3104","Вчора було здійснено","Вчора було здійснено"
"3106","другий розтин,","другий розтин,"
"3109","за мого запиту!","за мого запиту!"
"3111","""Смерть була майже миттєвою","""Смерть була майже миттєвою"
"3113","від удару ","від удару "
"3115","тупим предметом...""","тупим предметом..."""
"3118","""Але існує можливість, що жертва","""Але існує можливість, що жертва"
"3120","ще була живою наступні декілька","ще була живою наступні декілька"
"3122","хвилин після удару.""","хвилин після удару."""
"3126","Я отримав ці результати","Я отримав ці результати"
"3128","цього ранку.","цього ранку."
"3136","Н―","Н―"
"3138","не може бути!","не може бути!"
"3148","Ваша честь!","Ваша честь!"
"3150","Доволі просто уявити, що","Доволі просто уявити, що"
"3152","жертва мала удосталь","жертва мала удосталь"
"3154","часу, аби написати ""Мая""!","часу, аби написати ""Мая""!"
"3160","Це все.","Це все."
"3168","Я зрозумів!","Я зрозумів!"
"3174","(А, щоб тобі,","(А, щоб тобі,"
"3176"," Еджворте!)"," Еджворте!)"
"3182","(Я мав би здогадатись,","(Я мав би здогадатись,"
"3184","що ти матимеш якийсь","що ти матимеш якийсь"
"3186","туз у рукаві!)","туз у рукаві!)"
"3197","Що ж,","Що ж,"
"3199"," пане Райт,"," пане Райт,"
"3202","вас ніби струмом вдарило!","вас ніби струмом вдарило!"
"3205","Ви хочете щось сказати?","Ви хочете щось сказати?"
"3218","Пане Еджворт...","Пане Еджворт..."
"3220","Я чув, що ніщо не зупинить вас","Я чув, що ніщо не зупинить вас"
"3222","на шляху до бажаного","на шляху до бажаного"
"3224","вердикту...","вердикту..."
"3234","З якої взагалі причини ви б","З якої взагалі причини ви б"
"3236","подали запит на другий","подали запит на другий"
"3238","протокол розтину?","протокол розтину?"
"3246","Пане Райт! ","Пане Райт! "
"3248","Сторона захисту утримається","Сторона захисту утримається"
"3250","від особистих нападів у бік","від особистих нападів у бік"
"3252","сторони обвинувачення!","сторони обвинувачення!"
"3260","Це не так важливо,","Це не так важливо,"
"3262"," Ваша честь..."," Ваша честь..."
"3266","Пане Райт.","Пане Райт."
"3269","Кажіть що лиш забажаєте,","Кажіть що лиш забажаєте,"
"3272","але суперечити незаперечним","але суперечити незаперечним"
"3274","доказам немає сенсу.","доказам немає сенсу."
"3289","Детективе Гамшу!","Детективе Гамшу!"
"3292","Ви дурисвіт!","Ви дурисвіт!"
"3295","Як ви могли дати","Як ви могли дати"
"3297","мені застарілий протокол!?","мені застарілий протокол!?"
"3309","Га? ","Га? "
"3311","Я―","Я―"
"3313","Я думав...","Я думав..."
"3321","Детективе Гамшу.","Детективе Гамшу."
"3323","Чи дарма я вірив вам","Чи дарма я вірив вам"
"3325","і вашому протоколу?","і вашому протоколу?"
"3336","Га?","Га?"
"3338"," Я?"," Я?"
"3340"," Я―"," Я―"
"3342","я не...","я не..."
"3344"," що?"," що?"
"3352","Детективе Гамшу.","Детективе Гамшу."
"3364","Ой!","Ой!"
"3374","Я розчарований у ваших діях,","Я розчарований у ваших діях,"
"3377","дати йому неправильний доказ,","дати йому неправильний доказ,"
"3379","це не варте поваги.","це не варте поваги."
"3391","Е...?","Е...?"
"3393"," Я..."," Я..."
"3396","Пробачте, мені шкода,","Пробачте, мені шкода,"
"3398"," сер."," сер."
"3409","Це ваша провина,","Це ваша провина,"
"3411"," детективе."," детективе."
"3414","Це не дуже добре відобразиться","Це не дуже добре відобразиться"
"3416","на вашій атестації наступного місяця.","на вашій атестації наступного місяця."
"3425","Щ―","Щ―"
"3427","що? А―","що? А―"
"3429","але...","але..."
"3431"," *зітхнув*"," *зітхнув*"
"3440","Ваша честь,","Ваша честь,"
"3442"," я подаю цей протокол"," я подаю цей протокол"
"3444","розтину на розгляд суду.","розтину на розгляд суду."
"3451","З―","З―"
"3453","зрозумів.","зрозумів."
"3455"," Суд"," Суд"
"3457","приймає доказ.","приймає доказ."
"3465","Протокол Розтину оновлено","Протокол Розтину оновлено"
"3467","у Матеріалах справи.","у Матеріалах справи."
"3475","Отже,","Отже,"
"3477"," Ваша честь?"," Ваша честь?"
"3480","Цей доказ сильно підкріплює","Цей доказ сильно підкріплює"
"3482","ідею, що жертва могла","ідею, що жертва могла"
"3484","ідентифікувати убивцю.","ідентифікувати убивцю."
"3490","Я припускаю, що це доволі","Я припускаю, що це доволі"
"3492","очевидний висновок,","очевидний висновок,"
"3494"," так."," так."
"3510","(Дідько!","(Дідько!"
"3512"," Справа не йде добре!)"," Справа не йде добре!)"
"3522","Сторона обвинувачення бажає","Сторона обвинувачення бажає"
"3524","викликати наступного свідка.","викликати наступного свідка."
"3528","Ця бідна,","Ця бідна,"
"3530"," невинна дівчина бачила"," невинна дівчина бачила"
"3532","цей злочин на власні очі!","цей злочин на власні очі!"
"3554","Прошу запросити до зали свідкиню,","Прошу запросити до зали свідкиню,"
"3556","пані Лілію Квітку.","пані Лілію Квітку."
"3563","(Що саме у цій панночці","(Що саме у цій панночці"
"3565","є ""невинного""...?)","є ""невинного""...?)"
"3588","Свідкине, зазначте","Свідкине, зазначте"
"3590"," ваші ім'я та професію,"," ваші ім'я та професію,"
"3592"," будь ласка."," будь ласка."
"3603","Лілія Квітка!","Лілія Квітка!"
"3609","До ваших послуг!","До ваших послуг!"
"3611"," *підмиг*"," *підмиг*"
"3637","Прошу тиші!","Прошу тиші!"
"3639"," Представлення не передбачає"," Представлення не передбачає"
"3641","жодної реакції","жодної реакції"
"3643","з зали суду!","з зали суду!"
"3648","Свідкиня утримається","Свідкиня утримається"
"3650","від безглуздих підмигувань!","від безглуздих підмигувань!"
"3655","Оуу...","Оуу..."
"3658","Авжеж, Ваша честь.","Авжеж, Ваша честь."
"3664","(Це негаразд...)","(Це негаразд...)"
"3666","(Вона вже заволоділа","(Вона вже заволоділа"
"3668","кожного чоловіка","кожного чоловіка"
"3670","у цій судовій залі!)","у цій судовій залі!)"
"3683","Скажіть нам,","Скажіть нам,"
"3685"," де ви перебували"," де ви перебували"
"3687","в ніч п'ятого вересня,","в ніч п'ятого вересня,"
"3689"," "," "
"3691","коли сталося вбивство?","коли сталося вбивство?"
"3700","Ем...","Ем..."
"3702"," божечки..."," божечки..."
"3704"," Я була,"," Я була,"
"3706"," типу,"," типу,"
"3709","у своєму номері в готелі? ","у своєму номері в готелі? "
"3711","Хі-хі-хі.","Хі-хі-хі."
"3714","Я заселилася прямо","Я заселилася прямо"
"3716","після обіду.","після обіду."
"3721","І цей готель був прямо","І цей готель був прямо"
"3723","навпроти Юридичного Бюро","навпроти Юридичного Бюро"
"3725","Фей і Ко.?","Фей і Ко.?"
"3736","М-м-м...","М-м-м..."
"3738"," правильно,"," правильно,"
"3740"," великий хлопчику."," великий хлопчику."
"3745","Будь ласка, дайте свідчення","Будь ласка, дайте свідчення"
"3747","щодо побаченого вами у цю ніч.","щодо побаченого вами у цю ніч."
"3767","―― Розповідь Свідка ――","―― Розповідь Свідка ――"
"3780","Це було,","Це було,"
"3782"," типу, о 9:00"," типу, о 9:00"
"3784","посеред ночі.","посеред ночі."
"3786"," Я виглянула з"," Я виглянула з"
"3788","віконечка, ну,","віконечка, ну,"
"3790"," ви розумієте!"," ви розумієте!"
"3796","А потім,","А потім,"
"3798"," "," "
"3800","о-о-о-ох! ","о-о-о-ох! "
"3802","Я побачила, як напали","Я побачила, як напали"
"3804","на жіночку з довгим волоссям!","на жіночку з довгим волоссям!"
"3807","На неї напала оця","На неї напала оця"
"3809","фіолетова миша, що сидить","фіолетова миша, що сидить"
"3811","на лавці підсудних!","на лавці підсудних!"
"3816","А потім, ця жіночка,","А потім, ця жіночка,"
"3818"," типу,"," типу,"
"3820"," "," "
"3822","ухильнулася в один бік і","ухильнулася в один бік і"
"3824","втекла!","втекла!"
"3827","Але це дівчисько,","Але це дівчисько,"
"3829"," вона її наздогнала,"," вона її наздогнала,"
"3831","а потім...","а потім..."
"3833"," вона..."," вона..."
"3839","Вона ","Вона "
"3841","її вдарила!","її вдарила!"
"3853","Потім жіночка, ну,","Потім жіночка, ну,"
"3855","та, що з довгим волоссям...","та, що з довгим волоссям..."
"3857","Вона шось...","Вона шось..."
"3859"," різко гепнулася."," різко гепнулася."
"3870","Кінець.","Кінець."
"3872"," Це все, що я бачила."," Це все, що я бачила."
"3875","Кожну манюсіньку детальку!","Кожну манюсіньку детальку!"
"3881","*підмиг*","*підмиг*"
"3896","Гмм...","Гмм..."
"3901","Отже,","Отже,"
"3903"," Ваша честь?"," Ваша честь?"
"3908","Я зрозумів.","Я зрозумів."
"3910"," Це показово обґрунтоване"," Це показово обґрунтоване"
"3912","свідчення.","свідчення."
"3915","Я не бачу жодної потреби у тому,","Я не бачу жодної потреби у тому,"
"3917","щоб переймати свідкиню цими...","щоб переймати свідкиню цими..."
"3926","З―","З―"
"3928","заждіть,","заждіть,"
"3930"," Ваша честь!"," Ваша честь!"
"3936","Так,","Так,"
"3938"," пане Райт?"," пане Райт?"
"3943","А як же мій перехресний","А як же мій перехресний"
"3945","допит свідка!?","допит свідка!?"
"3950","Ну, я подумав, що це","Ну, я подумав, що це"
"3952","свідчення було","свідчення було"
"3954","доволі...","доволі..."
"3956"," обґрунтоване."," обґрунтоване."
"3958"," Чи не так?"," Чи не так?"
"3965","Пане Райт...","Пане Райт..."
"3967"," Як я розумію,"," Як я розумію,"
"3969","ви були учнем пані","ви були учнем пані"
"3971","Мії Фей,","Мії Фей,"
"3973"," чи не так?"," чи не так?"
"3975","Ви мали б бути добре","Ви мали б бути добре"
"3977","знайомі з її методами.","знайомі з її методами."
"3980","З її боягузливим методом знаходити","З її боягузливим методом знаходити"
"3982","найдрібніші зачіпки у","найдрібніші зачіпки у"
"3984","блискуче ідеальних свідченнях...","блискуче ідеальних свідченнях..."
"3996","А―","А―"
"3998","агов! ","агов! "
"4000","Як ти смієш!","Як ти смієш!"
"4005","Отже,","Отже,"
"4007"," пане Райт?"," пане Райт?"
"4010","Чи будете ви проводити","Чи будете ви проводити"
"4012","перехресний допит?","перехресний допит?"
"4023","Н-ні...","Н-ні..."
"4025"," ви маєте рацію."," ви маєте рацію."
"4028","Мабуть, в цьому не буде","Мабуть, в цьому не буде"
"4030","багато сенсу.","багато сенсу."
"4037","Хе-","Хе-"
"4039","хе-","хе-"
"4041","хе.","хе."
"4044","Я радий, що ви побачили помилковість","Я радий, що ви побачили помилковість"
"4046","ваших дій, ще й так швидко!","ваших дій, ще й так швидко!"
"4048","Ваша честь.","Ваша честь."
"4055","Сторона обвинувачення закриває справу!","Сторона обвинувачення закриває справу!"
"4068","(Щ―","(Щ―"
"4070","що? ","що? "
"4074","І це все!?)","І це все!?)"
"4083","Дуже добре.","Дуже добре."
"4091","З―","З―"
"4093","заждіть!","заждіть!"
"4095"," "," "
"4098","Зачекайте!","Зачекайте!"
"4106","Я вас слухаю,","Я вас слухаю,"
"4108"," пане Райт?"," пане Райт?"
"4111","Передумали?","Передумали?"
"4113"," Ви все ж будете"," Ви все ж будете"
"4115","проводити допит свідка?","проводити допит свідка?"
"4122","Так-","Так-"
"4124","так-","так-"
"4126","так!","так!"
"4131","(Краще вже так,","(Краще вже так,"
"4133"," краще поборотись,"," краще поборотись,"
"4135","ніж програти зараз!)","ніж програти зараз!)"
"4145","Я з радістю продовжу","Я з радістю продовжу"
"4147","з перехресним допитом.","з перехресним допитом."
"4151","(Хай навіть якщо лиш через ","(Хай навіть якщо лиш через "
"4153","відчуття, що Еджворт саме","відчуття, що Еджворт саме"
"4155","цього і не хоче!)","цього і не хоче!)"
"4158","(У неї має бути якась","(У неї має бути якась"
"4160","вразливість!)","вразливість!)"
"4169","Дуже добре,","Дуже добре,"
"4171"," ви можете розпочати"," ви можете розпочати"
"4173","ваш перехресний допит!","ваш перехресний допит!"
"4196","―― Розповідь Свідка ――","―― Розповідь Свідка ――"
"4216","Це було, типу, о 9:00","Це було, типу, о 9:00"
"4218","посеред ночі. Я виглянула з","посеред ночі. Я виглянула з"
"4220","віконечка, ну, ви розумієте!","віконечка, ну, ви розумієте!"
"4233","А потім, о-о-о-ох! Я побачила, як напали","А потім, о-о-о-ох! Я побачила, як напали"
"4235","на жіночку з довгим волоссям!","на жіночку з довгим волоссям!"
"4248","На неї напала оця фіолетова","На неї напала оця фіолетова"
"4250","миша, що сидить","миша, що сидить"
"4252","на лавці підсудних!","на лавці підсудних!"
"4265","А потім, ця жіночка,","А потім, ця жіночка,"
"4267","ухильнулася в один бік і","ухильнулася в один бік і"
"4269","втекла!","втекла!"
"4282","Але це дівчисько,","Але це дівчисько,"
"4284","вона її наздогнала, а потім...","вона її наздогнала, а потім..."
"4286","а потім... вона її вдарила!","а потім... вона її вдарила!"
"4297","(Гмм...","(Гмм..."
"4299"," і це все?)"," і це все?)"
"4301","(Не те щоб тут щось","(Не те щоб тут щось"
"4303","кидалось в око як протиріччя...)","кидалось в око як протиріччя...)"
"4306","(Але має ж тут бути","(Але має ж тут бути"
"4308","якась зачіпка!)","якась зачіпка!)"
"4311","(Можливо, мені варто просто","(Можливо, мені варто просто"
"4313","трохи уточнити деякі деталі!)","трохи уточнити деякі деталі!)"
"4332","Чому ви зробили це?","Чому ви зробили це?"
"4344","Гась?","Гась?"
"4346"," ""Чо-чому""?"," ""Чо-чому""?"
"4349","А, типу,","А, типу,"
"4351"," чому що?"," чому що?"
"4360","Чому ви раптом вирішили","Чому ви раптом вирішили"
"4362","виглянути з вікна ?","виглянути з вікна ?"
"4364"," Можливо, ви очікували"," Можливо, ви очікували"
"4366","щось побачити?","щось побачити?"
"4375","Ох, ну,","Ох, ну,"
"4377"," до речі, типу,"," до речі, типу,"
"4379"," ам-м..."," ам-м..."
"4381"," божечки!"," божечки!"
"4389","(Що?","(Що?"
"4391"," Це все, що вона скаже?"," Це все, що вона скаже?"
"4393"," Вона не виплутається"," Вона не виплутається"
"4395","з цього запитання","з цього запитання"
"4397","настільки просто!)","настільки просто!)"
"4407","Та я щось трошки, ну,","Та я щось трошки, ну,"
"4409"," розумієте."," розумієте."
"4419","У мене було передчуття!","У мене було передчуття!"
"4425","(Ага,","(Ага,"
"4427"," і в мене передчуття..."," і в мене передчуття..."
"4429","Що вона намагається","Що вона намагається"
"4431","уникнути запитання!)","уникнути запитання!)"
"4434","(Може, мені слід дотиснути","(Може, мені слід дотиснути"
"4436","це питання трохи сильніше?)","це питання трохи сильніше?)"
"4449","(Але якщо залізу надто глибоко,","(Але якщо залізу надто глибоко,"
"4451"," то можу взагалі"," то можу взагалі"
"4453","не повернутися живим...","не повернутися живим..."
"4456","Поки що, я утримаюсь.)","Поки що, я утримаюсь.)"
"4466","(Ану, глянемо, як далеко","(Ану, глянемо, як далеко"
"4468","я зможу зайти...)","я зможу зайти...)"
"4472","Звісно,","Звісно,"
"4474"," ви мали певну причину,"," ви мали певну причину,"
"4476","аби виглянути зі свого вікна","аби виглянути зі свого вікна"
"4478","у настільки пізню добу!","у настільки пізню добу!"
"4490","Я...","Я..."
"4492"," о=о=ох!"," о=о=ох!"
"4509","Пане Райт!","Пане Райт!"
"4511"," Я не дозволю вам"," Я не дозволю вам"
"4513","залякувати моїх свідків!","залякувати моїх свідків!"
"4524","За―","За―"
"4526","залякувати?","залякувати?"
"4535","Ви продовжуєте набридати їй","Ви продовжуєте набридати їй"
"4537","своїми тривіальними питаннями.","своїми тривіальними питаннями."
"4545","Я дуже не певен, що така","Я дуже не певен, що така"
"4547","поведінка є дозволеною.","поведінка є дозволеною."
"4557","(Авжеж!","(Авжеж!"
"4559"," Так!"," Так!"
"4561"," Зупиніть його!)"," Зупиніть його!)"
"4573","(Бідна дівчинка!)","(Бідна дівчинка!)"
"4589","Прошу тиші!","Прошу тиші!"
"4592","Пане Райт,","Пане Райт,"
"4594"," вас"," вас"
"4596","попереджено.","попереджено."
"4606","(Бідна дівчинка!?","(Бідна дівчинка!?"
"4608"," А як же"," А як же"
"4610","бідний я!?)","бідний я!?)"
"4620","Ви виглянули з вікна.","Ви виглянули з вікна."
"4623","Що ви побачили далі?","Що ви побачили далі?"
"4641","Жінка з довгим волоссям...","Жінка з довгим волоссям..."
"4644","це була Мія Фей?","це була Мія Фей?"
"4653","А―","А―"
"4655","га!","га!"
"4657"," Худорлява,"," Худорлява,"
"4659"," типу, так,"," типу, так,"
"4662","ага,","ага,"
"4664"," хтось би сказав"," хтось би сказав"
"4666","'гарна',","'гарна',"
"4668"," якщо вам це до смаку."," якщо вам це до смаку."
"4674","(До...","(До..."
"4676"," смаку?)"," смаку?)"
"4682","І щодо нападника?","І щодо нападника?"
"4704","Звідки ви знаєте, що це","Звідки ви знаєте, що це"
"4706","була підсудна?","була підсудна?"
"4718","Що?","Що?"
"4720"," А, ну..."," А, ну..."
"4722"," ви знаєте!"," ви знаєте!"
"4724","В―","В―"
"4726","вона мала дівочу статуру.","вона мала дівочу статуру."
"4729","Жінки на цьому розуміються.","Жінки на цьому розуміються."
"4732","Дивіться...","Дивіться..."
"4734"," Я―"," Я―"
"4737","Я просто знаю,","Я просто знаю,"
"4739"," добре?"," добре?"
"4748","Лише одна особа, що мала","Лише одна особа, що мала"
"4750","невисоку, дівочу статуру,","невисоку, дівочу статуру,"
"4752","була присутня","була присутня"
"4754"," на місці злочину."," на місці злочину."
"4757","Це свідчення міцне, немов граніт,","Це свідчення міцне, немов граніт,"
"4759","Ваша честь.","Ваша честь."
"4765","(Він має рацію...)","(Він має рацію...)"
"4778","(Її свідчення дійсно не дає","(Її свідчення дійсно не дає"
"4780","підстав мати сумніви...)","підстав мати сумніви...)"
"4782","(І всі у судовій залі","(І всі у судовій залі"
"4784","й досі на її боці.)","й досі на її боці.)"
"4788","(Мені краще не тиснути","(Мені краще не тиснути"
"4790","надто сильно на цьому питанні.)","надто сильно на цьому питанні.)"
"4797","Отже,","Отже,"
"4799"," скажіть нам, що"," скажіть нам, що"
"4801","сталося з жертвою.","сталося з жертвою."
"4824","Заждіть, ","Заждіть, "
"4826","заждіть, ","заждіть, "
"4828","зачекайте...","зачекайте..."
"4832","Це свідчення ─ повна маячня!","Це свідчення ─ повна маячня!"
"4844","Щ―","Щ―"
"4846","що!?","що!?"
"4856","Пані Квітко,","Пані Квітко,"
"4858"," б'юсь об заклад"," б'юсь об заклад"
"4860","що ви...","що ви..."
"4871","Вона ""ухилилась""?","Вона ""ухилилась""?"
"4873"," Ухилилась від чого!?"," Ухилилась від чого!?"
"4882","Ну...","Ну..."
"4884"," від атаки! "," від атаки! "
"4889","Будь ласка,","Будь ласка,"
"4891"," продовжуйте з вашим"," продовжуйте з вашим"
"4893","свідченням.","свідченням."
"4911","Звідки у вас думка,","Звідки у вас думка,"
"4913","що це моя клієнтка!?","що це моя клієнтка!?"
"4924","Гась?","Гась?"
"4926"," Типу,"," Типу,"
"4928"," Я..."," Я..."
"4930"," боже!"," боже!"
"4933","Ну, перш за все,","Ну, перш за все,"
"4935"," вона мала"," вона мала"
"4937","дівочу статуру!","дівочу статуру!"
"4939","І, окрім цього,","І, окрім цього,"
"4941"," по-друге,"," по-друге,"
"4944","вона була...","вона була..."
"4946"," вона була низенькою!"," вона була низенькою!"
"4949","Хто б ще це був,","Хто б ще це був,"
"4951","якщо не вона!","якщо не вона!"
"4957","(В цьому є логіка...)","(В цьому є логіка...)"
"4970","(Її свідчення дійсно","(Її свідчення дійсно"
"4972","не дає причин для сумнівів...)","не дає причин для сумнівів...)"
"4974","(І всі у судовій залі","(І всі у судовій залі"
"4976","й досі на її боці.)","й досі на її боці.)"
"4978","(Мені краще не тиснути","(Мені краще не тиснути"
"4980","надто сильно на цьому питанні.)","надто сильно на цьому питанні.)"
"4983","(Можливо, мені допоможе повторне","(Можливо, мені допоможе повторне"
"4985","прослуховування свідчення.)","прослуховування свідчення.)"
"5009","Чи бачили ви підсудну","Чи бачили ви підсудну"
"5011","взагалі!?","взагалі!?"
"5019","Чи кажете ви правду?","Чи кажете ви правду?"
"5022","Ви дійсно певні,","Ви дійсно певні,"
"5024","що бачили підсудну!?","що бачили підсудну!?"
"5036","Ургх","Ургх"
"5038","!","!"
"5063","Пане Райт!","Пане Райт!"
"5066","Що це взагалі значить?","Що це взагалі значить?"
"5073","Так,","Так,"
"5075"," що це значить!"," що це значить!"
"5079","Скажіть мені хтось, адже я","Скажіть мені хтось, адже я"
"5081","нетямуща!","нетямуща!"
"5083"," У-у цьому,"," У-у цьому,"
"5085"," я маю на увазі!"," я маю на увазі!"
"5090","Добре...","Добре..."
"5092","Якби ви дійсно бачили","Якби ви дійсно бачили"
"5094","мою клієнтку,","мою клієнтку,"
"5096"," Маю Фей..."," Маю Фей..."
"5101","Ви б помітили її одяг,","Ви б помітили її одяг,"
"5103","перш ніж навіть розгледіти","перш ніж навіть розгледіти"
"5105","її статуру!","її статуру!"
"5117","...","..."
"5119","!","!"
"5133","Ніхто не носить одяг","Ніхто не носить одяг"
"5135","такого роду щодня, абсолютно","такого роду щодня, абсолютно"
"5137","ніхто!","ніхто!"
"5139"," Окрім неї!"," Окрім неї!"
"5143","І я, звісно, не експерт у моді,","І я, звісно, не експерт у моді,"
"5146","але її зачіска, як на мене,","але її зачіска, як на мене,"
"5148","явно далека від нормальної!","явно далека від нормальної!"
"5160","Але,","Але,"
"5162"," свідчення пані"," свідчення пані"
"5164","Квітки не зазначає жодної","Квітки не зазначає жодної"
"5166","з цих деталей!","з цих деталей!"
"5176","Це свідчення ─ суцільна фальш!","Це свідчення ─ суцільна фальш!"
"5187","Але...","Але..."
"5189"," але!"," але!"
"5195","Навіть зважаючи на це,","Навіть зважаючи на це,"
"5198"," ми все ще не знаємо, чи"," ми все ще не знаємо, чи"
"5200","дійсно пані Мая Фей була так","дійсно пані Мая Фей була так"
"5202","одягнена в ніч убивства...","одягнена в ніч убивства..."
"5208","Вона була,","Вона була,"
"5210"," Ваша честь!"," Ваша честь!"
"5214","Я бачив її.","Я бачив її."
"5216","Також її бачив детектив Гамшу!","Також її бачив детектив Гамшу!"
"5228","Що ви на це скажете,","Що ви на це скажете,"
"5231","пані Квітко?","пані Квітко?"
"5242","Р-р=ряв!","Р-р=ряв!"
"5246","Що ви цим хочете сказати,","Що ви цим хочете сказати,"
"5249","ви злий адвокатисько!","ви злий адвокатисько!"
"5252","Я―","Я―"
"5254","Я бачила те, що бачила.","Я бачила те, що бачила."
"5257","Я...","Я..."
"5259"," просто не подумала, що"," просто не подумала, що"
"5261","прям усі детальки","прям усі детальки"
"5263","були важливими,","були важливими,"
"5265"," дорогенький."," дорогенький."
"5270","Пані Мей.","Пані Мей."
"5272","Суд хотів би нагадати вам ─","Суд хотів би нагадати вам ─"
"5274","будь ласка, не пропускайте","будь ласка, не пропускайте"
"5276","нічого за межами свідчення.","нічого за межами свідчення."
"5286","Вибачте,","Вибачте,"
"5288"," Ваша честь."," Ваша честь."
"5291","Я буду хорошою дівчинкою.","Я буду хорошою дівчинкою."
"5294","Обіцяю.","Обіцяю."
"5296"," *підмиг*"," *підмиг*"
"5302","Ваше свідчення, знову,","Ваше свідчення, знову,"
"5304","якщо можете.","якщо можете."
"5311","(Чорт,","(Чорт,"
"5313"," я майже підловив її!)"," я майже підловив її!)"
"5335","―― Розповідь Свідка ――","―― Розповідь Свідка ――"
"5348","Я бачила усе!","Я бачила усе!"
"5351","Абсолютно!","Абсолютно!"
"5355","Жертва ―― жінка ―― ухилилась","Жертва ―― жінка ―― ухилилась"
"5357","від першої атаки і втекла","від першої атаки і втекла"
"5359","направо.","направо."
"5361","Потім це хіпувате дівчисько","Потім це хіпувате дівчисько"
"5363","побігло прямо за нею...","побігло прямо за нею..."
"5374","І вдарило її цією, як її,","І вдарило її цією, як її,"
"5376","зброєю!","зброєю!"
"5378"," Я бачила це! "," Я бачила це! "
"5380","Бачила!","Бачила!"
"5383","Цей...","Цей..."
"5385"," цей годинник!"," цей годинник!"
"5387"," Еге..."," Еге..."
"5390","Типу, схожий на статую годинник?","Типу, схожий на статую годинник?"
"5393","""Мислитель,""","""Мислитель,"""
"5395"," я думаю?"," я думаю?"
"5399","Ну?","Ну?"
"5401"," Чи не дивує вас тепер"," Чи не дивує вас тепер"
"5403","точність мого свідчення?","точність мого свідчення?"
"5406","Хі-хі!","Хі-хі!"
"5420","Я...","Я..."
"5422"," бачу."," бачу."
"5426","Хотів би лиш, аби ви були","Хотів би лиш, аби ви були"
"5428","настільки точною з самого початку.","настільки точною з самого початку."
"5430","Будь ласка, розпочніть","Будь ласка, розпочніть"
"5432","перехресний допит.","перехресний допит."
"5455","―― Розповідь Свідка ――","―― Розповідь Свідка ――"
"5475","Я бачила усе!","Я бачила усе!"
"5477","Абсолютно!","Абсолютно!"
"5490","Жертва ―― жінка ―― ухилилась","Жертва ―― жінка ―― ухилилась"
"5492","від першої атаки і втекла","від першої атаки і втекла"
"5494","направо.","направо."
"5507","Потім це хіпувате дівчисько","Потім це хіпувате дівчисько"
"5509","побігло прямо за нею...","побігло прямо за нею..."
"5522","І вдарило її цією, як її,","І вдарило її цією, як її,"
"5524","зброєю! Я бачила це! Бачила!","зброєю! Я бачила це! Бачила!"
"5537","Цей... цей годинник! Еге...","Цей... цей годинник! Еге..."
"5539","Типу, схожий на статую годинник?","Типу, схожий на статую годинник?"
"5541","""Мислитель,"" я думаю?","""Мислитель,"" я думаю?"
"5552","(Її минуле свідчення, певно,","(Її минуле свідчення, певно,"
"5554","і було тим, що від неї ","і було тим, що від неї "
"5556","хотів почути Еджворт...)","хотів почути Еджворт...)"
"5558","(Тож чи було це свідчення","(Тож чи було це свідчення"
"5560","саме з її слів...?)","саме з її слів...?)"
"5565","(Час тиснути і вичавити","(Час тиснути і вичавити"
"5567","з неї усю правду!","з неї усю правду!"
"5570","Фігурально,","Фігурально,"
"5572"," авжеж.)"," авжеж.)"
"5591","Отже,","Отже,"
"5593"," мене ви теж бачили,"," мене ви теж бачили,"
"5595"," так?"," так?"
"5607","Ну звісно!","Ну звісно!"
"5609","Це наїжачене волосся","Це наїжачене волосся"
"5611","я б упізнала де завгодно!","я б упізнала де завгодно!"
"5617","(Наїжачене...?)","(Наїжачене...?)"
"5623","Свідкиня утримається від","Свідкиня утримається від"
"5625","особистих нападів у бік","особистих нападів у бік"
"5627","адвоката.","адвоката."
"5637","Оу,","Оу,"
"5639"," я була поганою дівчинкою?"," я була поганою дівчинкою?"
"5642","Пвобацьте.","Пвобацьте."
"5647","Добре...","Добре..."
"5649"," продовжуйте."," продовжуйте."
"5667","Під ""'направо'"" ви маєте на увазі","Під ""'направо'"" ви маєте на увазі"
"5669","'ваше' право,","'ваше' право,"
"5671"," тобто так, як ви бачили"," тобто так, як ви бачили"
"5673","з вікна готелю?","з вікна готелю?"
"5679","Ем-м...","Ем-м..."
"5681"," а якою рукою"," а якою рукою"
"5683","я ніж тримаю, а...?","я ніж тримаю, а...?"
"5690","Правою! ","Правою! "
"5692","Я тримаю саме правою","Я тримаю саме правою"
"5694","рукою!","рукою!"
"5696"," Правда?"," Правда?"
"5705","Задоволені,","Задоволені,"
"5707"," правдорубе Райт?"," правдорубе Райт?"
"5710","Прошу, продовжіть.","Прошу, продовжіть."
"5728","У напрямку виходу?","У напрямку виходу?"
"5734","Просто погляньте на план поверху!","Просто погляньте на план поверху!"
"5737","Ділянка, яку можна","Ділянка, яку можна"
"5739","побачити з вікна готелю,","побачити з вікна готелю,"
"5741","виглядає якось...","виглядає якось..."
"5743"," отак."," отак."
"5747","Убивця перебував тут.","Убивця перебував тут."
"5753","Жертва була ось тут.","Жертва була ось тут."
"5756","Отже,","Отже,"
"5758"," якби жертва рухалась"," якби жертва рухалась"
"5760","попід стіною,","попід стіною,"
"5762"," у напрямку"," у напрямку"
"5764","виходу...?","виходу...?"
"5769","Право...","Право..."
"5771"," вона б рухалась"," вона б рухалась"
"5773","у правий бік.","у правий бік."
"5785","Дійсно.","Дійсно."
"5788","Чи не могла б свідкиня","Чи не могла б свідкиня"
"5790","освідчити перед судом,","освідчити перед судом,"
"5792","що відбувалось далі?","що відбувалось далі?"
"5810","Як же зручно, що ви","Як же зручно, що ви"
"5812","запам'ятали її ""хіпувате""","запам'ятали її ""хіпувате"""
"5814","вбрання!","вбрання!"
"5826","Це ж те що ти ――","Це ж те що ти ――"
"5828","Я маю на увазі,","Я маю на увазі,"
"5831","це ж те що вона мала на собі!","це ж те що вона мала на собі!"
"5834","О,","О,"
"5836"," і її волосся було"," і її волосся було"
"5838","зібране у пучок, так!","зібране у пучок, так!"
"5844","(*ех*...)","(*ех*...)"
"5850","Що відбулося далі?","Що відбулося далі?"
"5868","Звідки ця зброя","Звідки ця зброя"
"5870","взагалі взялась?","взагалі взялась?"
"5879","Вона підібрала її зі стола!","Вона підібрала її зі стола!"
"5884","Зрозуиіло.","Зрозуиіло."
"5886"," Що саме за"," Що саме за"
"5888","зброя це була?","зброя це була?"
"5906","Це був...","Це був..."
"5908"," годинник?"," годинник?"
"5916","(А чи не цей-таки годинник","(А чи не цей-таки годинник"
"5918","уже був в одному свідченні,","уже був в одному свідченні,"
"5920","до того ж нещодавно...?)","до того ж нещодавно...?)"
"5929","Н―","Н―"
"5931","ну?","ну?"
"5933"," Не корчіть таке кисле обличчя,"," Не корчіть таке кисле обличчя,"
"5936","пане адвокат.","пане адвокат."
"5938"," Не завжди ж"," Не завжди ж"
"5940","коту масниця.","коту масниця."
"5946","(Ні...","(Ні..."
"5948"," але я відчуваю,"," але я відчуваю,"
"5950","що млинець... кінець вже незабаром!)","що млинець... кінець вже незабаром!)"
"5972","Miss May.","Miss May."
"5974","What you said just now","What you said just now"
"5976","was quite...","was quite..."
"5978"," "," "
"5981","revealing.","revealing."
"5995","Revealing?","Revealing?"
"5997"," Oooh,"," Oooh,"
"5999"," you'd"," you'd"
"6001","like that,","like that,"
"6003"," wouldn't you."," wouldn't you."
"6006","Naughty Mr. Lawyer...","Naughty Mr. Lawyer..."
"6012","You just said that this","You just said that this"
"6014","statue of ""The Thinker""","statue of ""The Thinker"""
"6016","was a clock.","was a clock."
"6018","But there's no way of","But there's no way of"
"6020","knowing that just by","knowing that just by"
"6022","looking at it!","looking at it!"
"6034","Urp","Urp"
"6036","!","!"
"6041","Another person in much the","Another person in much the"
"6043","same position as you recently","same position as you recently"
"6045","called this a ","called this a "
"6047","""clock,""","""clock,"""
"6049"," too..."," too..."
"6053","And he was found","And he was found"
"6056","guilty...","guilty..."
"6058"," "," "
"6060","of ","of "
"6064","murder!","murder!"
"6087","Order! ","Order! "
"6089","Order!","Order!"
"6097","Miss May.","Miss May."
"6099"," Can you explain"," Can you explain"
"6101","how you know this was a clock?","how you know this was a clock?"
"6112","Oooh...","Oooh..."
"6114"," urp"," urp"
"6116","!","!"
"6129","The witness saw the murder","The witness saw the murder"
"6131","with her own eyes!","with her own eyes!"
"6133"," That's"," That's"
"6135","all that's important here!","all that's important here!"
"6145","The defense is trying to ","The defense is trying to "
"6147","confuse the issue with","confuse the issue with"
"6149","trivial concerns!","trivial concerns!"
"6154","Yes...","Yes..."
"6156"," yes,"," yes,"
"6158"," of course."," of course."
"6161","You will withdraw your","You will withdraw your"
"6163","question,","question,"
"6165"," Mr. Wright."," Mr. Wright."
"6184","But questions are all","But questions are all"
"6186","I have,","I have,"
"6188"," Your Honor!"," Your Honor!"
"6190","And as you may recall,","And as you may recall,"
"6194","I've caught murderers with","I've caught murderers with"
"6196","these questions before!","these questions before!"
"6201","(Well, only once...)","(Well, only once...)"
"6209","...","..."
"6211","...","..."
"6224","Objection sustained.","Objection sustained."
"6227","You may continue to question","You may continue to question"
"6229","the witness.","the witness."
"6238","(Whew,","(Whew,"
"6240"," that was close.)"," that was close.)"
"6244","(If he stopped me there,","(If he stopped me there,"
"6247","the trial would be over!)","the trial would be over!)"
"6255","Huh?","Huh?"
"6257"," What?"," What?"
"6260","So...","So..."
"6262"," what happens now?"," what happens now?"
"6271","What happens now is you","What happens now is you"
"6273","answer my question! ","answer my question! "
"6275","How","How"
"6277","did you know it was a clock?","did you know it was a clock?"
"6288","What...!","What...!"
"6290"," Th―"," Th―"
"6292","that's...","that's..."
"6296","...","..."
"6300","Because...","Because..."
"6302"," I heard it?"," I heard it?"
"6309","Yes!","Yes!"
"6311"," I heard"," I heard"
"6313","it say the time!","it say the time!"
"6324","So,","So,"
"6326"," you've been to the"," you've been to the"
"6328","law offices of Fey & Co.!","law offices of Fey & Co.!"
"6337","N―","N―"
"6339","n―","n―"
"6344","no!","no!"
"6346"," Hey,"," Hey,"
"6348"," I didn't say"," I didn't say"
"6350","that!","that!"
"6352"," Why would I go there!"," Why would I go there!"
"6355","I heard it from my hotel room.","I heard it from my hotel room."
"6359","Hee hee!","Hee hee!"
"6369","The law offices of Fey & Co.,","The law offices of Fey & Co.,"
"6372","where the murder took place,","where the murder took place,"
"6375","is very close to the hotel.","is very close to the hotel."
"6377","She could easily have","She could easily have"
"6379","heard the clock!","heard the clock!"
"6384","Hmm.","Hmm."
"6386"," Well,"," Well,"
"6388"," Mr. Wright?"," Mr. Wright?"
"6391","Are you satisfied?","Are you satisfied?"
"6405","No,","No,"
"6407"," Your Honor!"," Your Honor!"
"6411","(I can't give up now!)","(I can't give up now!)"
"6415","I'm not satisfied because...","I'm not satisfied because..."
"6426","You were at the hotel!","You were at the hotel!"
"6430","There's no way you could have","There's no way you could have"
"6432","heard a clock go off in the","heard a clock go off in the"
"6434","building next door!","building next door!"
"6449","You have proof that","You have proof that"
"6451","she could not?","she could not?"
"6463","Uh...","Uh..."
"6472","Amateurs,","Amateurs,"
"6474"," amateurs."," amateurs."
"6478","Listen to me,","Listen to me,"
"6480"," Mr. Wright."," Mr. Wright."
"6484","In the courtroom,","In the courtroom,"
"6486"," proof is"," proof is"
"6488","everything.","everything."
"6490"," Without it,"," Without it,"
"6492"," you"," you"
"6494","have nothing.","have nothing."
"6496"," You ARE nothing."," You ARE nothing."
"6502","Then I would like to propose","Then I would like to propose"
"6504","a test to see if she really","a test to see if she really"
"6506","could have heard...","could have heard..."
"6518","The prosecution denies","The prosecution denies"
"6520","your request!","your request!"
"6533","Wh―","Wh―"
"6535","what!?","what!?"
"6537"," On what grounds?"," On what grounds?"
"6547","This is a trivial matter","This is a trivial matter"
"6549","with no direct bearing","with no direct bearing"
"6551","on the case at hand!","on the case at hand!"
"6558","Indeed.","Indeed."
"6561","Objection sustained.","Objection sustained."
"6569","(Damn!","(Damn!"
"6571"," Time to switch"," Time to switch"
"6573","directions...","directions..."
"6575"," quick!)"," quick!)"
"6581","Ready to proceed,","Ready to proceed,"
"6584","Mr. Wright?","Mr. Wright?"
"6592","Your Honor,","Your Honor,"
"6594"," members"," members"
"6596","of the court...","of the court..."
"6604","It is inconceivable that","It is inconceivable that"
"6606","the clock in question rang!","the clock in question rang!"
"6621","That ","That "
"6623","clock is ","clock is "
"6625","missing","missing"
"6627","its ","its "
"6629","clockwork!","clockwork!"
"6650","H―","H―"
"6655","how could you possibly...?","how could you possibly...?"
"6660","Just take a look...","Just take a look..."
"6665","Right now!","Right now!"
"6672","...","..."
"6679","Oh","Oh"
"6681","!","!"
"6688","See anything interesting,","See anything interesting,"
"6691","Your Honor?","Your Honor?"
"6697","It is as the defense says!","It is as the defense says!"
"6705","I―","I―"
"6710","I think it's broken!","I think it's broken!"
"6713","That clock's busted!","That clock's busted!"
"6720","You ""think""?","You ""think""?"
"6725","J―","J―"
"6730","just look at it!","just look at it!"
"6733","Your Honor, please","Your Honor, please"
"6735","examine the clock!","examine the clock!"
"6742","Hmm...","Hmm..."
"6748","Oh!","Oh!"
"6755","See anything interesting,","See anything interesting,"
"6758","Your Honor?","Your Honor?"
"6763","Well,","Well,"
"6765"," I'm not sure I would"," I'm not sure I would"
"6767","call this ""broken,""","call this ""broken,"""
"6769"," but I"," but I"
"6771","doubt it could ring...!","doubt it could ring...!"
"6782","The batt","The batt"
"6784","eries in that","eries in that"
"6786","clock ","clock "
"6788","should be dead!","should be dead!"
"6797","""Should be,"" ","""Should be,"" "
"6799","Mr. Wright?","Mr. Wright?"
"6808","Your Honor,","Your Honor,"
"6810"," if you"," if you"
"6812","would inspect the clock...!","would inspect the clock...!"
"6818","Hmm...","Hmm..."
"6821"," very well."," very well."
"6824","...","..."
"6831","Oh","Oh"
"6833","!","!"
"6840","Well,","Well,"
"6842"," Your Honor?"," Your Honor?"
"6845","Are they...?","Are they...?"
"6850","This clock has graver","This clock has graver"
"6852","problems than dead batteries!","problems than dead batteries!"
"6867","This ","This "
"6869","clock is ","clock is "
"6871","missing","missing"
"6873","its ","its "
"6875","clockwork!","clockwork!"
"6879","It's quite empty!","It's quite empty!"
"6905","Mr. Wright!","Mr. Wright!"
"6907","Would you care to explain","Would you care to explain"
"6909","to the court the meaning","to the court the meaning"
"6911","of this?","of this?"
"6916","It is as you can see.","It is as you can see."
"6919","The ""clock"" was empty.","The ""clock"" was empty."
"6922","It couldn't have rung!","It couldn't have rung!"
"6932","Therefore,","Therefore,"
"6934"," this"," this"
"6936","witness...","witness..."
"6943","is a ","is a "
"6945","big,","big,"
"6947"," fat "," fat "
"6949","liar!","liar!"
"6957","F―","F―"
"6959","fa","fa"
"6961","t!?","t!?"
"6972","Well,","Well,"
"6974"," Miss May?"," Miss May?"
"6984","Tsk ","Tsk "
"6986","tsk.","tsk."
"6999","?","?"
"7006","Quite a show you've","Quite a show you've"
"7008","put on for us, Mr. Wright.","put on for us, Mr. Wright."
"7019","(He knew the clock was empty!","(He knew the clock was empty!"
"7022","Somehow...","Somehow..."
"7026"," he knew!)"," he knew!)"
"7038","I'm afraid you've forgotten","I'm afraid you've forgotten"
"7040","one thing,","one thing,"
"7042"," however."," however."
"7044","Indeed,","Indeed,"
"7046"," the clock is empty."," the clock is empty."
"7049","As you say...","As you say..."
"7051"," it can't ring."," it can't ring."
"7053","However,","However,"
"7055"," we must ask:"," we must ask:"
"7057"," when"," when"
"7059","was the clockwork removed?","was the clockwork removed?"
"7064","If it was after the witness","If it was after the witness"
"7066","heard the clock,","heard the clock,"
"7068"," then there"," then there"
"7070","is no contradiction!","is no contradiction!"
"7078","!","!"
"7081","Hmm!","Hmm!"
"7083"," That's true."," That's true."
"7085"," That"," That"
"7087","is a possibility.","is a possibility."
"7090","The clock might have been","The clock might have been"
"7092","emptied after she heard it.","emptied after she heard it."
"7097","And that is exactly what","And that is exactly what"
"7099","happened,","happened,"
"7101"," Your Honor!"," Your Honor!"
"7106","Well,","Well,"
"7108"," Mr. Wright?"," Mr. Wright?"
"7111","Can you prove when","Can you prove when"
"7113","the clockwork was removed?","the clockwork was removed?"
"7124","Ho ","Ho "
"7126","hoh!","hoh!"
"7129","Impossible,","Impossible,"
"7131"," of course..."," of course..."
"7143","I have proof.","I have proof."
"7155","W―","W―"
"7158","what!?","what!?"
"7168","Wasn't it you who told","Wasn't it you who told"
"7170","me ""proof is everything""?","me ""proof is everything""?"
"7174","Well,","Well,"
"7176"," I was listening."," I was listening."
"7182","And now I'll ","And now I'll "
"7184","show you the","show you the"
"7187","""proof"" ","""proof"" "
"7189","you like so much!","you like so much!"
"7201","The evidence that proves","The evidence that proves"
"7203","when the clockwork was","when the clockwork was"
"7205","removed is...","removed is..."
"7223","What do you say to that?","What do you say to that?"
"7235","W―","W―"
"7237","what? ","what? "
"7239","I don't rightly","I don't rightly"
"7241","understand what that's","understand what that's"
"7243","supposed to mean!","supposed to mean!"
"7249","I don't rightly","I don't rightly"
"7251","understand either.","understand either."
"7260","Ho","Ho"
"7262"," hoh!"," hoh!"
"7272","(Uh oh...","(Uh oh..."
"7274"," I think I blew it.)"," I think I blew it.)"
"7281","Mr. Wright,","Mr. Wright,"
"7283"," please refrain"," please refrain"
"7285","from flippant presentations","from flippant presentations"
"7287","of evidence in the future.","of evidence in the future."
"7295","S―","S―"
"7297","sorry,","sorry,"
"7299"," Your Honor!"," Your Honor!"
"7309","Take a look at this!","Take a look at this!"
"7314","Hmm.","Hmm."
"7316"," That's a very"," That's a very"
"7318","cute cell phone.","cute cell phone."
"7325","Ooh ","Ooh "
"7327","hoo! ","hoo! "
"7330","You have a girlie phone!","You have a girlie phone!"
"7335","W―","W―"
"7337","wait!","wait!"
"7339"," Wait!"," Wait!"
"7341"," This"," This"
"7343","isn't my phone!","isn't my phone!"
"7346","Listen!","Listen!"
"7348","This is the defendant's","This is the defendant's"
"7350","cell phone,","cell phone,"
"7352"," and it contains"," and it contains"
"7354","a recording...","a recording..."
"7364","A recording of a conversation","A recording of a conversation"
"7366","she had with the victim on","she had with the victim on"
"7368","the day of the murder!","the day of the murder!"
"7391","Order! ","Order! "
"7393","Order!","Order!"
"7399","The defendant's cell phone!?","The defendant's cell phone!?"
"7402","Th―","Th―"
"7404","this wasn't brought","this wasn't brought"
"7406","to my attention!","to my attention!"
"7416","Perhaps Detective Gumshoe","Perhaps Detective Gumshoe"
"7418","overlooked it?","overlooked it?"
"7425","*grumble* ","*grumble* "
"7428","(The good detective","(The good detective"
"7430","better remember ","better remember "
"7432","he's up for","he's up for"
"7434","evaluation soon...)","evaluation soon...)"
"7445","(I gotta say,","(I gotta say,"
"7447"," I'm starting to"," I'm starting to"
"7449","feel bad for the big fella.)","feel bad for the big fella.)"
"7454","Let's hear the conversation.","Let's hear the conversation."
"7466","*beep*","*beep*"
"7478","...","..."
"7483","[So you just want me to","[So you just want me to"
"7485","hold on to ","hold on to "
"7487","""The Thinker""","""The Thinker"""
"7489","for you,","for you,"
"7491"," then?]"," then?]"
"7494","[If you could.]","[If you could.]"
"7496","[Ah...","[Ah..."
"7498"," I should probably tell"," I should probably tell"
"7500","you,","you,"
"7502"," the clock isn't talking"," the clock isn't talking"
"7504","right now.]","right now.]"
"7507","[Huh?","[Huh?"
"7509"," It's not working?"," It's not working?"
"7512","That's lame!]","That's lame!]"
"7515","[I had to take the","[I had to take the"
"7517","clockwork out,","clockwork out,"
"7519"," sorry.]"," sorry.]"
"7525","...","..."
"7529","[September 5, 9:27 AM]","[September 5, 9:27 AM]"
"7542","*beep*","*beep*"
"7554","Your Honor,","Your Honor,"
"7557","I think this makes it clear","I think this makes it clear"
"7559","the clockwork was already gone","the clockwork was already gone"
"7561","by the time this was recorded,","by the time this was recorded,"
"7569","which was","which was"
"7573"," well before the"," well before the"
"7575","witness even ","witness even "
"7577","arrived at her","arrived at her"
"7580","hotel!","hotel!"
"7593","Muh...","Muh..."
"7596"," muh..."," muh..."
"7599"," muh!?"," muh!?"
"7610","Well,","Well,"
"7612"," Miss May?"," Miss May?"
"7616","Would you care to explain","Would you care to explain"
"7618","this to the court?","this to the court?"
"7626","Just how did you ","Just how did you "
"7628","know","know"
"7630","that weapon was ","that weapon was "
"7632","a clock!?","a clock!?"
"7645","...","..."
"7648","W―","W―"
"7650","well...!","well...!"
"7654","Well,","Well,"
"7656"," isn't it o―"," isn't it o―"
"7661","obvious?","obvious?"
"7665","I saw that clock before!","I saw that clock before!"
"7669","Um...","Um..."
"7671"," what store was that"," what store was that"
"7673","again?","again?"
"7675"," I―"," I―"
"7677","I go to so many!","I go to so many!"
"7682","Oops!","Oops!"
"7684"," I forgot!"," I forgot!"
"7687","*wink*","*wink*"
"7693","So the witness had seen","So the witness had seen"
"7695","it before.","it before."
"7697"," That would "," That would "
"7699","make sense.","make sense."
"7702","Does the defense have any","Does the defense have any"
"7704","objections,","objections,"
"7706"," Mr. Wright?"," Mr. Wright?"
"7719","Oh right...","Oh right..."
"7721"," well,"," well,"
"7724"," if she had"," if she had"
"7726","seen it before,","seen it before,"
"7728"," I guess..."," I guess..."
"7736","(Wait a second!)","(Wait a second!)"
"7742","Then,","Then,"
"7744"," the court would like――"," the court would like――"
"7758","Hold ","Hold "
"7760","on!","on!"
"7763","P―","P―"
"7765","please ","please "
"7769","wait,","wait,"
"7771"," Your Honor!"," Your Honor!"
"7777","Y―","Y―"
"7782","yes...?","yes...?"
"7784"," So you"," So you"
"7786","do have an objection?","do have an objection?"
"7791","Um,","Um,"
"7793"," yes,"," yes,"
"7795"," well..."," well..."
"7800","Mr. Wright! ","Mr. Wright! "
"7806","Sorry,","Sorry,"
"7808"," Your Honor,"," Your Honor,"
"7813","it's just...","it's just..."
"7821","The witness claims she","The witness claims she"
"7823","had ""seen it before.""","had ""seen it before."""
"7827","But this directly contradicts","But this directly contradicts"
"7829","a piece of evidence already","a piece of evidence already"
"7831","submitted to this court!","submitted to this court!"
"7836","Well then,","Well then,"
"7838"," let's see it."," let's see it."
"7846","Please produce this evidence","Please produce this evidence"
"7848","that will prove the witness","that will prove the witness"
"7850","had not seen the clock before.","had not seen the clock before."
"7861","Here is undeniable proof!","Here is undeniable proof!"
"7872","Hah!?","Hah!?"
"7875","Please,","Please,"
"7877"," this is a court"," this is a court"
"7879","case,","case,"
"7881"," not some surrealist"," not some surrealist"
"7883","performance art piece!","performance art piece!"
"7889","Hmm...","Hmm..."
"7892","Perhaps the defense would","Perhaps the defense would"
"7894","like to change its mind?","like to change its mind?"
"7902","It's simple.","It's simple."
"7905","This clock was never","This clock was never"
"7907","in any store,","in any store,"
"7909"," ever!"," ever!"
"7921","W―","W―"
"7924","whaaa","whaaa"
"7926","t!?","t!?"
"7931","A friend of mine","A friend of mine"
"7933","made that clock.","made that clock."
"7935","Only two exist in the world.","Only two exist in the world."
"7937","And the one that isn't","And the one that isn't"
"7939","here is in police custody!","here is in police custody!"
"7949","I―","I―"
"7953","impossible!","impossible!"
"7957","Everything is sold in stores!","Everything is sold in stores!"
"7966","Miss May,","Miss May,"
"7968"," I think it's high"," I think it's high"
"7970","time you went shopping for","time you went shopping for"
"7972","a better excuse.","a better excuse."
"7984","Mmpf...","Mmpf..."
"7994","Oh?","Oh?"
"7996"," Excuses not on sale today?"," Excuses not on sale today?"
"8005","Oooh? ","Oooh? "
"8007","Oh","Oh"
"8011"," ho"," ho"
"8013"," ho."," ho."
"8017"," Mmmrrrrph!"," Mmmrrrrph!"
"8025","Ooooo","Ooooo"
"8028","rrrr","rrrr"
"8030","rrr","rrr"
"8034","ggggg","ggggg"
"8036","hhhhh","hhhhh"
"8038","hh..","hh.."
"8040",". hhh",". hhh"
"8045","!","!"
"8047","!","!"
"8050","!","!"
"8082","What's it to you,","What's it to you,"
"8088","porcupine―head!?","porcupine―head!?"
"8093","That stupid clock","That stupid clock"
"8095","doesn't matter,","doesn't matter,"
"8097"," okay!?"," okay!?"
"8101","She did it!","She did it!"
"8103"," "," "
"8107","And she should","And she should"
"8110","die for it! ","die for it! "
"8113","Die!","Die!"
"8135","W―","W―"
"8137","w―","w―"
"8142","whoa!","whoa!"
"8144"," Let's not get"," Let's not get"
"8146","ahead of ourselves.","ahead of ourselves."
"8149","T―","T―"
"8151","this is a court of law,","this is a court of law,"
"8157","and the witness will","and the witness will"
"8159","remain calm!","remain calm!"
"8166","Hrrrgh...","Hrrrgh..."
"8169"," hrrrh..."," hrrrh..."
"8175","Hrrr...","Hrrr..."
"8177"," heh."," heh."
"8179"," Oh?"," Oh?"
"8183","Oh! ","Oh! "
"8185","Oh?","Oh?"
"8187"," Oh"," Oh"
"8189"," hoh"," hoh"
"8191"," ho!"," ho!"
"8194","S―","S―"
"8196","silly me!","silly me!"
"8200","*grunt*","*grunt*"
"8207","Did I,","Did I,"
"8209"," um,"," um,"
"8211"," like..."," like..."
"8213"," lose it?"," lose it?"
"8216","I guess I did. ","I guess I did. "
"8220","Tee","Tee"
"8223"," hee!"," hee!"
"8225"," "," "
"8228","*wink*","*wink*"
"8240","(S―","(S―"
"8242","scary...)","scary...)"
"8249","Miss May,","Miss May,"
"8251"," let me ask."," let me ask."
"8254","Tell me,","Tell me,"
"8256"," how did you know"," how did you know"
"8258","the weapon was a clock?","the weapon was a clock?"
"8264","...","..."
"8273","Hmm...","Hmm..."
"8275"," oh dear."," oh dear."
"8278","Does the defense have an","Does the defense have an"
"8280","opinion on this...","opinion on this..."
"8282"," behavior?"," behavior?"
"8288","(Okay,","(Okay,"
"8290"," this is it!)"," this is it!)"
"8294","Yes,","Yes,"
"8296"," Your Honor."," Your Honor."
"8299","Allow me to explain how","Allow me to explain how"
"8301","I see the truth of the matter.","I see the truth of the matter."
"8303","Miss April May,","Miss April May,"
"8305"," you knew the"," you knew the"
"8307","weapon was a clock because...","weapon was a clock because..."
"8320","(This is familiar territory.","(This is familiar territory."
"8323","I'll just use the same","I'll just use the same"
"8325","approach as with Larry.)","approach as with Larry.)"
"8332","Miss May","Miss May"
"8334"," held that "," held that "
"8336","very","very"
"8338","clock in ","clock in "
"8340","her hands!","her hands!"
"8348","Mr. Wright!","Mr. Wright!"
"8351","When was this!?","When was this!?"
"8363","When she used it to strike","When she used it to strike"
"8365","the victim! ","the victim! "
"8367","When else?","When else?"
"8390","Order! ","Order! "
"8392","Order!","Order!"
"8395","Mr. Wright!","Mr. Wright!"
"8397"," What is"," What is"
"8399","the meaning of this!?","the meaning of this!?"
"8408","April May,","April May,"
"8410"," you killed"," you killed"
"8412","Mia Fey,","Mia Fey,"
"8414"," I say!"," I say!"
"8418","And when you struck,","And when you struck,"
"8420"," the"," the"
"8422","force of the impact","force of the impact"
"8424","made ""The Thinker"" ring!","made ""The Thinker"" ring!"
"8426","That's ","That's "
"8428","when you ","when you "
"8430","heard it!","heard it!"
"8446","...","..."
"8451","Tsk ","Tsk "
"8453","tsk.","tsk."
"8457","You truly are a work","You truly are a work"
"8459","of art,","of art,"
"8461"," Mr. Phoenix Wright."," Mr. Phoenix Wright."
"8474","W―","W―"
"8476","what's that supposed","what's that supposed"
"8478","to mean!?","to mean!?"
"8487","It was you who just proved","It was you who just proved"
"8489","that ""The Thinker"" was","that ""The Thinker"" was"
"8491","empty!","empty!"
"8503","Oh...","Oh..."
"8510","(Urk!","(Urk!"
"8512"," Of course "," Of course "
"8514","it","it"
"8516","wouldn't ring!)","wouldn't ring!)"
"8527","What's more,","What's more,"
"8529"," the witness"," the witness"
"8531","has a rock―solid alibi.","has a rock―solid alibi."
"8534","Miss May?","Miss May?"
"8536","Perhaps you could explain","Perhaps you could explain"
"8538","to the poor,","to the poor,"
"8540"," misguided"," misguided"
"8542","Mr. Wright?","Mr. Wright?"
"8544","That you were in the hotel","That you were in the hotel"
"8546","at the time of the murder.","at the time of the murder."
"8556","(S―","(S―"
"8558","she can't prove it!","she can't prove it!"
"8561","She did it!)","She did it!)"
"8575","It would be MY pleasure!","It would be MY pleasure!"
"8589","N―","N―"
"8594","no way!","no way!"
"8608","Yes way,","Yes way,"
"8610"," Mr. Lawyer."," Mr. Lawyer."
"8613","Tee ","Tee "
"8615","hee?","hee?"
"8617"," Didn't the murder"," Didn't the murder"
"8619","take place at 9:00 at night?","take place at 9:00 at night?"
"8624","Gee,","Gee,"
"8626"," that's the exact time"," that's the exact time"
"8628","I ordered some ","I ordered some "
"8630","room service","room service"
"8633","from the hotel bellboy!","from the hotel bellboy!"
"8643","Incidentally,","Incidentally,"
"8645"," the bellboy"," the bellboy"
"8647","corroborates the witness's","corroborates the witness's"
"8649","story.","story."
"8657","Ergo,","Ergo,"
"8659"," she was not at the"," she was not at the"
"8661","crime scene!","crime scene!"
"8663"," Rock solid!"," Rock solid!"
"8686","Mr. Wright!","Mr. Wright!"
"8688"," You've just made"," You've just made"
"8690","a serious accusation against a","a serious accusation against a"
"8692","perfectly innocent woman!","perfectly innocent woman!"
"8698","S―","S―"
"8703","sorry,","sorry,"
"8705"," Your Honor."," Your Honor."
"8711","(That...","(That..."
"8713"," didn't go so well.)"," didn't go so well.)"
"8715","(But, if that's the case...)","(But, if that's the case...)"
"8720","(Then how did she know","(Then how did she know"
"8722","""The Thinker"" was a clock!?)","""The Thinker"" was a clock!?)"
"8726","(...)","(...)"
"8732","(Wait!)","(Wait!)"
"8736","Your Honor,","Your Honor,"
"8738"," I figured it out!"," I figured it out!"
"8740","There is one other way","There is one other way"
"8742","Miss April May could have","Miss April May could have"
"8744","known it was a clock!","known it was a clock!"
"8754","One way alone!","One way alone!"
"8757","And I have proof!","And I have proof!"
"8762","Well...","Well..."
"8764"," proof,"," proof,"
"8766"," you say?"," you say?"
"8769","Then,","Then,"
"8771"," the court will"," the court will"
"8773","examine your proof,","examine your proof,"
"8776","Mr. Wright.","Mr. Wright."
"8785","How did the witness know","How did the witness know"
"8787","""The Thinker"" was a clock?","""The Thinker"" was a clock?"
"8801","This evidence reveals","This evidence reveals"
"8803","the truth of the matter!","the truth of the matter!"
"8811","What does it reveal,","What does it reveal,"
"8813"," exactly?"," exactly?"
"8821","The mad delusions of","The mad delusions of"
"8823","the defense,","the defense,"
"8825"," perhaps?"," perhaps?"
"8831","(Uh ","(Uh "
"8833","oh,","oh,"
"8835"," bad reaction."," bad reaction."
"8838","Maybe that wasn't the thing...)","Maybe that wasn't the thing...)"
"8845","I'm afraid it has revealed","I'm afraid it has revealed"
"8847","a certain over―eagerness...","a certain over―eagerness..."
"8849","Let me ask again:","Let me ask again:"
"8857","The witness had never","The witness had never"
"8859","held the clock in her hand!","held the clock in her hand!"
"8861","However,","However,"
"8863"," she had heard"," she had heard"
"8865","that it was a clock!","that it was a clock!"
"8873","She ""heard""...?","She ""heard""...?"
"8879","That is correct,","That is correct,"
"8881"," Your Honor."," Your Honor."
"8885","There is no other way","There is no other way"
"8887","she could have known","she could have known"
"8889","""The Thinker"" was a clock!","""The Thinker"" was a clock!"
"8899","And I can show you the proof!","And I can show you the proof!"
"8904","Well,","Well,"
"8906"," this is interesting."," this is interesting."
"8908","Let's see it,","Let's see it,"
"8910"," then."," then."
"8918","Show me evidence proving","Show me evidence proving"
"8920","that the witness had ""heard""","that the witness had ""heard"""
"8922","the murder weapon was a clock.","the murder weapon was a clock."
"8936","This is my evidence!","This is my evidence!"
"8945","I'm afraid I'","I'm afraid I'"
"8947","m not sure","m not sure"
"8949","where you are going with","where you are going with"
"8951","all of this,","all of this,"
"8953"," Mr. Wright."," Mr. Wright."
"8959","Um...","Um..."
"8961"," ""where""? "," ""where""? "
"8963","Well,","Well,"
"8966","it's not so much a","it's not so much a"
"8968","place as a...","place as a..."
"8970"," er..."," er..."
"8977","Come to the end of your","Come to the end of your"
"8979","bluff,","bluff,"
"8981"," Mr. Wright?"," Mr. Wright?"
"8986","W―","W―"
"8991","wait!","wait!"
"8993"," Wait!"," Wait!"
"8996","That was,","That was,"
"8998"," uh,"," uh,"
"9000"," practice!"," practice!"
"9003","Here's the real evidence!","Here's the real evidence!"
"9008","Mr. Wright,","Mr. Wright,"
"9010"," this court does"," this court does"
"9012","not condone the presentation","not condone the presentation"
"9014","of evidence for ""practice.""","of evidence for ""practice."""
"9017","Let's see your evidence,","Let's see your evidence,"
"9019"," for"," for"
"9021","real this time,","real this time,"
"9023"," Mr. Wright."," Mr. Wright."
"9032","The defendant's cell phone.","The defendant's cell phone."
"9037","Yes,","Yes,"
"9039"," we've seen that already."," we've seen that already."
"9044","Take another listen to the","Take another listen to the"
"9046","conversation between the","conversation between the"
"9048","defendant and victim.","defendant and victim."
"9060","*beep*","*beep*"
"9073","...","..."
"9079","[Mia!","[Mia!"
"9081"," What's up?"," What's up?"
"9083"," You haven't"," You haven't"
"9085","called in a while.]","called in a while.]"
"9088","[Well,","[Well,"
"9090"," actually there's"," actually there's"
"9092","something I want you to","something I want you to"
"9094","hold on to for me.]","hold on to for me.]"
"9097","[Again?","[Again?"
"9100","What is it this time?]","What is it this time?]"
"9103","[It's...","[It's..."
"9105"," a clock.]"," a clock.]"
"9107","[It's made to look like","[It's made to look like"
"9109","that statue,","that statue,"
"9111"," ""The Thinker."""," ""The Thinker."""
"9113","And it tells you the time!]","And it tells you the time!]"
"9120","...","..."
"9132","They do mention ""The Thinker.""","They do mention ""The Thinker."""
"9134","But how would the witness","But how would the witness"
"9136","know of this conversation?","know of this conversation?"
"9145","Do you have proof that","Do you have proof that"
"9147","she knew of the conversation?","she knew of the conversation?"
"9160","(Wait...","(Wait..."
"9162"," no,"," no,"
"9164"," this"," this"
"9166","can't be right!)","can't be right!)"
"9168","(I can't afford any","(I can't afford any"
"9170","mistakes now!)","mistakes now!)"
"9176","Mr. Wright!","Mr. Wright!"
"9179","Your evidence,","Your evidence,"
"9181"," please!"," please!"
"9192","Have a look at this.","Have a look at this."
"9206","Ah!","Ah!"
"9208"," "," "
"9210","Oooh!","Oooh!"
"9216","Th―","Th―"
"9218","that!?","that!?"
"9220"," Eh "," Eh "
"9222","heh...","heh..."
"9227","I found this in","I found this in"
"9229","Miss May's room.","Miss May's room."
"9252","Mr. Wright! ","Mr. Wright! "
"9254","Please explain","Please explain"
"9256","to the court what this is!","to the court what this is!"
"9267","Have a look at this.","Have a look at this."
"9275","Ah!","Ah!"
"9277"," "," "
"9279","Oooh!","Oooh!"
"9284","Th―","Th―"
"9286","that!?","that!?"
"9288"," Eh "," Eh "
"9290","heh...","heh..."
"9295","I found this in","I found this in"
"9297","Miss May's room.","Miss May's room."
"9320","Mr. Wright!","Mr. Wright!"
"9322"," Please explain"," Please explain"
"9324","to the court what this is!","to the court what this is!"
"9329","Miss April May?","Miss April May?"
"9332","You were tapping the victim,","You were tapping the victim,"
"9335","Ms. Mia Fey's phone,","Ms. Mia Fey's phone,"
"9337"," were "," were "
"9339","you not?","you not?"
"9351","Oooh.","Oooh."
"9353"," Oooooh!"," Oooooh!"
"9371","Your Honor,","Your Honor,"
"9374","this is irrelevant!","this is irrelevant!"
"9379","I'm not entirely sure that","I'm not entirely sure that"
"9381","it is.","it is."
"9383"," Objection overruled."," Objection overruled."
"9385","It troubles me that our","It troubles me that our"
"9387","witness was in possession","witness was in possession"
"9389","of a wiretap.","of a wiretap."
"9394","This is outrageous!","This is outrageous!"
"9396"," Does the"," Does the"
"9398","defense truly claim that the","defense truly claim that the"
"9400","witness was tapping her phone?","witness was tapping her phone?"
"9411","Absolutely!","Absolutely!"
"9420","Even if that was the case,","Even if that was the case,"
"9423","which it's not, you still","which it's not, you still"
"9425","have to prove one thing!","have to prove one thing!"
"9430","Did the victim ever say that","Did the victim ever say that"
"9432","the weapon was a clock on","the weapon was a clock on"
"9434","the phone?","the phone?"
"9450","Can you","Can you"
"9452"," prove "," prove "
"9454","that?","that?"
"9457","I THINK NOT!","I THINK NOT!"
"9472","Oh yeah?","Oh yeah?"
"9474"," "," "
"9476","I THINK I CAN!","I THINK I CAN!"
"9480","It's simple!","It's simple!"
"9492","WHAAAAT!?","WHAAAAT!?"
"9507","Here's my proof.","Here's my proof."
"9516","The proof that the victim","The proof that the victim"
"9518","said,","said,"
"9520"," on the phone,"," on the phone,"
"9522"," that the"," that the"
"9524","weapon was a clock is...","weapon was a clock is..."
"9534","This!","This!"
"9540","I think...","I think..."
"9550","That's not going to prove","That's not going to prove"
"9552","anything,","anything,"
"9554"," Mr. Wright."," Mr. Wright."
"9559","I think...","I think..."
"9567","W―","W―"
"9569","wait!","wait!"
"9571"," That was"," That was"
"9573","just a warm up!","just a warm up!"
"9578","Hmm!","Hmm!"
"9580"," Okay,"," Okay,"
"9582"," once again."," once again."
"9585","And I expect real proof","And I expect real proof"
"9587","this time!","this time!"
"9596","I present the defendant's","I present the defendant's"
"9598","cell phone.","cell phone."
"9603","Yes,","Yes,"
"9605"," we've seen that."," we've seen that."
"9610","Listen once more to the","Listen once more to the"
"9612","conversation between the","conversation between the"
"9614","defendant and the victim.","defendant and the victim."
"9626","*beep*","*beep*"
"9638","...","..."
"9644","[Mia!","[Mia!"
"9646"," What's up?"," What's up?"
"9648"," You haven't"," You haven't"
"9650","called in a while.]","called in a while.]"
"9653","[Well,","[Well,"
"9655"," actually there's"," actually there's"
"9657","something I want you to","something I want you to"
"9659","hold on to for me.]","hold on to for me.]"
"9662","[Again?","[Again?"
"9665","What's it this time?]","What's it this time?]"
"9668","[It's...","[It's..."
"9670"," a clock.]"," a clock.]"
"9672","[It's made to look like","[It's made to look like"
"9674","that statue,","that statue,"
"9676"," ""The Thinker."""," ""The Thinker."""
"9678","And it tells you the time!]","And it tells you the time!]"
"9685","...","..."
"9699","Miss April May!","Miss April May!"
"9702","You used a wiretap to","You used a wiretap to"
"9704","listen to this conversation!","listen to this conversation!"
"9707","That's how you knew","That's how you knew"
"9709","""The Thinker"" was a clock!","""The Thinker"" was a clock!"
"9721","Am I wrong!?","Am I wrong!?"
"9729","I...","I..."
"9731"," I..."," I..."
"9747","Your Honor,","Your Honor,"
"9749"," this"," this"
"9751","is ridiculous!","is ridiculous!"
"9763","Your Honor,","Your Honor,"
"9765"," "," "
"9767","look at the","look at the"
"9769","witness's face! ","witness's face! "
"9771","Does","Does"
"9773","she ","she "
"9775","seem amused to you!?","seem amused to you!?"
"9786","The defense demands","The defense demands"
"9788","an answer.","an answer."
"9801","La...","La..."
"9803"," laaa"," laaa"
"9805","...","..."
"9807"," lrrrrgf!"," lrrrrgf!"
"9813","Witness,","Witness,"
"9815"," answer the question."," answer the question."
"9818","Did you tap her phone?","Did you tap her phone?"
"9824","...","..."
"9833","Miss May!","Miss May!"
"9845","Shut up,","Shut up,"
"9847"," all of you!"," all of you!"
"9850","What gives you the right","What gives you the right"
"9852","to talk to ME like that!","to talk to ME like that!"
"9860","You...","You..."
"9862"," you LAWYER!"," you LAWYER!"
"9896","......","......"
"9904","I―","I―"
"9907","it's no fair!","it's no fair!"
"9911","All of you g―","All of you g―"
"9914","ganging","ganging"
"9916","up on me like that...","up on me like that..."
"9922","Oh,","Oh,"
"9924"," so I'm the bad girl,"," so I'm the bad girl,"
"9927","is that it?","is that it?"
"9929"," Is that it!?"," Is that it!?"
"9934","Uh...","Uh..."
"9937"," uh..."," uh..."
"9939"," "," "
"9941","uwaaaaaaah!","uwaaaaaaah!"
"9946","(That did it!","(That did it!"
"9948"," The court's seen"," The court's seen"
"9950","the real Miss April May now!)","the real Miss April May now!)"
"9961","(Now to deal the final blow!)","(Now to deal the final blow!)"
"9974","(Now to deal the final blow!)","(Now to deal the final blow!)"
"9992","Miss May!","Miss May!"
"10001","What ","What "
"10005","is it you little shrimp!","is it you little shrimp!"
"10010","Talk to me in that tone of","Talk to me in that tone of"
"10012","voice will you!?","voice will you!?"
"10024","You killed her,","You killed her,"
"10026"," didn't you!"," didn't you!"
"10050","Order!","Order!"
"10053","There will be order!","There will be order!"
"10058","What?","What?"
"10060"," "," "
"10064","How can you possibly","How can you possibly"
"10066","say that!?","say that!?"
"10068"," Are you mad?"," Are you mad?"
"10071","A―","A―"
"10073","all I did was","all I did was"
"10075","a little wiretapping...","a little wiretapping..."
"10081","Oops","Oops"
"10083","!","!"
"10088","So you admit you","So you admit you"
"10090","tapped her phone!","tapped her phone!"
"10102","Heh...","Heh..."
"10104"," heh"," heh"
"10106","...","..."
"10108"," hrrah!"," hrrah!"
"10112","B―","B―"
"10115","but wait!","but wait!"
"10118","I didn't do ANYTHING bad","I didn't do ANYTHING bad"
"10120","like murder! ","like murder! "
"10122","I'm a good girl!","I'm a good girl!"
"10136","Really?","Really?"
"10139","Can you prove it!?","Can you prove it!?"
"10144","(No way can she prove it!)","(No way can she prove it!)"
"10157","You think you're so","You think you're so"
"10159","smart,","smart,"
"10161"," Mr. Lawyer..."," Mr. Lawyer..."
"10167","But I can prove it!","But I can prove it!"
"10170","And I will!","And I will!"
"10181","You can't be serious!","You can't be serious!"
"10184","No way!","No way!"
"10196","Way,","Way,"
"10198"," I say!"," I say!"
"10200"," Way!"," Way!"
"10203","Oh,","Oh,"
"10205"," and I assure you"," and I assure you"
"10207","I'm serious,","I'm serious,"
"10211"," Mr. Lawyer!"," Mr. Lawyer!"
"10217","Hmph!","Hmph!"
"10220","Okay?","Okay?"
"10222"," So,"," So,"
"10224"," the killing happened"," the killing happened"
"10226","around 9:00 at night?","around 9:00 at night?"
"10229","Why,","Why,"
"10231"," that's just when I was"," that's just when I was"
"10233","getting room service from","getting room service from"
"10235","that sweet bellboy... ","that sweet bellboy... "
"10241","R―","R―"
"10245","room service!?","room service!?"
"10255","Ice coffee,","Ice coffee,"
"10257"," I believe it was?"," I believe it was?"
"10260","Ice coffee?","Ice coffee?"
"10262"," You know?"," You know?"
"10265","Like normal coffee,","Like normal coffee,"
"10267"," but COLD."," but COLD."
"10270","If you don't drink it quick,","If you don't drink it quick,"
"10273","the ice melts and then you","the ice melts and then you"
"10275","have...","have..."
"10277"," regular cold coffee."," regular cold coffee."
"10287","I―","I―"
"10291","ice coffee...!?","ice coffee...!?"
"10301","Think I'm making this up?","Think I'm making this up?"
"10304","Ask the bellboy! ","Ask the bellboy! "
"10306","*wink*","*wink*"
"10315","Ergo,","Ergo,"
"10317"," the witness was not"," the witness was not"
"10319","on the scene at the time","on the scene at the time"
"10321","of the murder!","of the murder!"
"10330","!","!"
"10353","So,","So,"
"10355"," where does"," where does"
"10357","that leave us...?","that leave us...?"
"10363","It is my great displeasure","It is my great displeasure"
"10365","to inform you...","to inform you..."
"10368","That the witness appears to","That the witness appears to"
"10370","have been tapping the victim's","have been tapping the victim's"
"10372","telephone.","telephone."
"10382","However!","However!"
"10384"," That is a separate"," That is a separate"
"10386","crime,","crime,"
"10388"," with no bearing on "," with no bearing on "
"10390","the current case whatsoever!","the current case whatsoever!"
"10393","Her testimony stands!","Her testimony stands!"
"10395"," She saw"," She saw"
"10397","the defendant,","the defendant,"
"10399"," Maya Fey,"," Maya Fey,"
"10402","commit murder!","commit murder!"
"10413","(No! ","(No! "
"10415","They're going to","They're going to"
"10417","let her just walk away!)","let her just walk away!)"
"10420","(There's no way I can win","(There's no way I can win"
"10422","this unless I tie Miss May","this unless I tie Miss May"
"10424","to the murder somehow...)","to the murder somehow...)"
"10434","Well,","Well,"
"10436"," does the defense"," does the defense"
"10438","have anything to say?","have anything to say?"
"10446","Um,","Um,"
"10448"," well..."," well..."
"10453","(Come on,","(Come on,"
"10455"," think of something!)"," think of something!)"
"10461","ux","ux"
"10468","The defense would like to","The defense would like to"
"10470","call the hotel bellboy as","call the hotel bellboy as"
"10472","a witness!","a witness!"
"10477","There's something ","There's something "
"10479","suspicious","suspicious"
"10481","here,","here,"
"10483"," and I'm going to get"," and I'm going to get"
"10485","to the bottom of it!","to the bottom of it!"
"10494","I think you've sunken","I think you've sunken"
"10496","quite low enough already.","quite low enough already."
"10510","I object to calling","I object to calling"
"10512","the bellboy!","the bellboy!"
"10521","W―","W―"
"10526","why? ","why? "
"10529","What's your reason?","What's your reason?"
"10539","Because I hold that the","Because I hold that the"
"10541","wiretapping had nothing to","wiretapping had nothing to"
"10543","do with the killing!","do with the killing!"
"10555","...!","...!"
"10560","However...","However..."
"10565","If you agree to one condition,","If you agree to one condition,"
"10567","I'll consent to calling this","I'll consent to calling this"
"10570","witness.","witness."
"10579","Condition...?","Condition...?"
"10588","If Miss April May's alibi is","If Miss April May's alibi is"
"10590","not called into question after","not called into question after"
"10592","you examine the bellboy...","you examine the bellboy..."
"10594","then you will recognize that","then you will recognize that"
"10596","Miss April May was not the","Miss April May was not the"
"10598","killer,","killer,"
"10600"," thus she is innocent!"," thus she is innocent!"
"10603","And thereby, you must also","And thereby, you must also"
"10605","accept the verdict of ""guilty""","accept the verdict of ""guilty"""
"10607","for Ms. Maya Fey!","for Ms. Maya Fey!"
"10610","That is my condition.","That is my condition."
"10621","(What...!?)","(What...!?)"
"10625","(I'd better find something","(I'd better find something"
"10627","suspicious in that bellboy's","suspicious in that bellboy's"
"10629","testimony...)","testimony...)"
"10631","(Otherwise Maya will be","(Otherwise Maya will be"
"10633","declared ","declared "
"10635","""guilty"" on the","""guilty"" on the"
"10637","spot!)","spot!)"
"10640","(What should I do...?)","(What should I do...?)"
"10656","(Alright!","(Alright!"
"10658"," I've got nothing"," I've got nothing"
"10660","to lose!","to lose!"
"10662"," Except for..."," Except for..."
"10664","well,","well,"
"10666"," everything!)"," everything!)"
"10672","Understood.","Understood."
"10675","I accept your condition.","I accept your condition."
"10684","Hmph.","Hmph."
"10689","Fool...","Fool..."
"10694","You fell right into my trap!","You fell right into my trap!"
"10707","(Uh oh!)","(Uh oh!)"
"10712","Uh...","Uh..."
"10714"," "," "
"10716","um,","um,"
"10718"," wait..."," wait..."
"10731","(Grr! ","(Grr! "
"10733","I can't accept","I can't accept"
"10735","those conditions!)","those conditions!)"
"10739","Very well.","Very well."
"10741"," The defense"," The defense"
"10743","will refrain from calling","will refrain from calling"
"10745","the bellboy as a witness.","the bellboy as a witness."
"10750","I see.","I see."
"10752"," You may continue your"," You may continue your"
"10754","cross―examination,","cross―examination,"
"10756"," Mr. Wright."," Mr. Wright."
"10764","Right.","Right."
"10766"," On with the "," On with the "
"10768","cross―examination.","cross―examination."
"10781","What exactly do you","What exactly do you"
"10783","have left to examine,","have left to examine,"
"10786","Mr. Wright?","Mr. Wright?"
"10789","Miss April May has admitted","Miss April May has admitted"
"10791","to the wiretap, yes.","to the wiretap, yes."
"10793","But that bears no relevance","But that bears no relevance"
"10795","to the case at hand: murder!","to the case at hand: murder!"
"10797","There's no way you can","There's no way you can"
"10799","prove any connection!","prove any connection!"
"10810","(Uh oh!","(Uh oh!"
"10812"," Think!"," Think!"
"10814"," This can't"," This can't"
"10816","be the end...","be the end..."
"10818"," "," "
"10821","but I'm out","but I'm out"
"10823","of evidence!)","of evidence!)"
"10830","Then I believe the cross―","Then I believe the cross―"
"10832","examination is over.","examination is over."
"10835","Mr. Edgeworth,","Mr. Edgeworth,"
"10838","does the prosecution have","does the prosecution have"
"10840","any other witnesses to call?","any other witnesses to call?"
"10849","None,","None,"
"10851"," Your Honor."," Your Honor."
"10856","She's the last.","She's the last."
"10865","(What!?","(What!?"
"10867"," B―"," B―"
"10869","but that means...)","but that means...)"
"10875","(Maya's guilty...!?)","(Maya's guilty...!?)"
"10886","W―","W―"
"10888","wait! ","wait! "
"10890","Your Honor!","Your Honor!"
"10895","Yes,","Yes,"
"10897"," Mr. Wright?"," Mr. Wright?"
"10902","The defense would like to","The defense would like to"
"10904","call the bellboy after all!","call the bellboy after all!"
"10914","...","..."
"10922","Tsk ","Tsk "
"10924","tsk","tsk"
"10926"," "," "
"10928","tsk...","tsk..."
"10935","As I thought!","As I thought!"
"10946","...","..."
"10948","?","?"
"10957","May I remind you,","May I remind you,"
"10959"," dear"," dear"
"10961","Mr. Wright.","Mr. Wright."
"10963"," Should you"," Should you"
"10965","question the bellboy...","question the bellboy..."
"10967","and Miss April May's","and Miss April May's"
"10969","alibi prove to be solid...","alibi prove to be solid..."
"10971","then,","then,"
"10973"," by default,"," by default,"
"10975"," "," "
"10977","your client","your client"
"10979","Ms. Maya Fey will be","Ms. Maya Fey will be"
"10981","pronounced ""guilty""!","pronounced ""guilty""!"
"10993","Are you prepared to","Are you prepared to"
"10995","accept my condition?","accept my condition?"
"11005","(Edgeworth...)","(Edgeworth...)"
"11007","(He's got me backed","(He's got me backed"
"11009","into a corner...)","into a corner...)"
"11011","(But I don't see any","(But I don't see any"
"11013","other way to take this!)","other way to take this!)"
"11023","I accept!","I accept!"
"11039","Very well!","Very well!"
"11041","The court calls the hotel","The court calls the hotel"
"11043","bellboy to the stand!","bellboy to the stand!"
"11052","Why did you tap her phone?","Why did you tap her phone?"
"11062","...","..."
"11075","Answer the question!","Answer the question!"
"11088","Do I have to?","Do I have to?"
"11090","Isn't this a murder trial?","Isn't this a murder trial?"
"11093","Isn't tippity―tapping er...","Isn't tippity―tapping er..."
"11096","irrelevant?","irrelevant?"
"11109","(Gah!","(Gah!"
"11111"," She's saying exactly"," She's saying exactly"
"11113","what Edgeworth wants her","what Edgeworth wants her"
"11115","to say.)","to say.)"
"11120","Miss May.","Miss May."
"11122","You were tapping the ","You were tapping the "
"11124","victim's phone!","victim's phone!"
"11135","I ha","I ha"
"11137","rdly call ","rdly call "
"11139","that","that"
"11141","""",""""
"11143","irrelevant""!","irrelevant""!"
"11164","While this court does not","While this court does not"
"11166","condone the defense's tone","condone the defense's tone"
"11168","of voice,","of voice,"
"11170"," he has a point."," he has a point."
"11173","Well,","Well,"
"11175"," Miss May?"," Miss May?"
"11177"," "," "
"11179","Do you have an explanation","Do you have an explanation"
"11181","for the court?","for the court?"
"11183","Can you prove you had nothing","Can you prove you had nothing"
"11185","to do with this murder,","to do with this murder,"
"11187"," even"," even"
"11189","though you tapped her phone?","though you tapped her phone?"
"11197","(Hah!","(Hah!"
"11199"," I'd like to see her"," I'd like to see her"
"11201","pull THAT off!)","pull THAT off!)"
"11213","Mr. Lawyer,","Mr. Lawyer,"
"11215"," I saw that"," I saw that"
"11217","evil,","evil,"
"11219"," evil grin!"," evil grin!"
"11223","You were probably thinking","You were probably thinking"
"11225","""I'd like to see her pull","""I'd like to see her pull"
"11227","THAT off,","THAT off,"
"11229",""" weren't you!",""" weren't you!"
"11237","(Damn...","(Damn..."
"11239"," she's good!)"," she's good!)"
"11252","Well you're not the first man","Well you're not the first man"
"11254","who's thought that! ","who's thought that! "
"11256","And of","And of"
"11258","course...","course..."
"11260"," I can,"," I can,"
"11262"," and will!"," and will!"
"11270","Miss May,","Miss May,"
"11272"," confess."," confess."
"11275","You did it,","You did it,"
"11277"," didn't you?"," didn't you?"
"11289","Are you out of your mind!?","Are you out of your mind!?"
"11292","Oh wait,","Oh wait,"
"11294"," I forgot... you're"," I forgot... you're"
"11296","a lawyer!","a lawyer!"
"11298"," You must be!"," You must be!"
"11306","At the time of the murder...","At the time of the murder..."
"11308","I was in my hotel room,","I was in my hotel room,"
"11311","getting room service!","getting room service!"
"11316","How could I have","How could I have"
"11318","killed her?","killed her?"
"11320","If you don't believe me,","If you don't believe me,"
"11325","just ask the bellboy!","just ask the bellboy!"
"11334","Miss May...","Miss May..."
"11337","Why did you tap her phone?","Why did you tap her phone?"
"11347","...","..."
"11361","Answer the question!","Answer the question!"
"11372","Do I have to?","Do I have to?"
"11374","Isn't this a murder trial?","Isn't this a murder trial?"
"11376","Isn't tippity―tapping er...","Isn't tippity―tapping er..."
"11379","irrelevant?","irrelevant?"
"11392","(Gah!","(Gah!"
"11394"," She's saying exactly"," She's saying exactly"
"11396","what Edgeworth wants her","what Edgeworth wants her"
"11398","to say.)","to say.)"
"11403","Miss May.","Miss May."
"11405","You were tapping the ","You were tapping the "
"11407","victim's phone!","victim's phone!"
"11418","I ","I "
"11420","hardly ca","hardly ca"
"11422","ll that","ll that"
"11424","""irr","""irr"
"11426","elevant""!","elevant""!"
"11447","While this court does not","While this court does not"
"11449","condone the defense's tone","condone the defense's tone"
"11451","of voice,","of voice,"
"11453"," he has a point."," he has a point."
"11457","Well,","Well,"
"11459"," Miss May?"," Miss May?"
"11461"," "," "
"11463","Do you have an explanation","Do you have an explanation"
"11465","for the court?","for the court?"
"11482","I believe we're ready","I believe we're ready"
"11484","for the witness to testify.","for the witness to testify."
"11487","He certainly does look","He certainly does look"
"11489","like a bellboy.","like a bellboy."
"11503","Yes,","Yes,"
"11505"," sir."," sir."
"11507","I received your summons in","I received your summons in"
"11509","the middle of work,","the middle of work,"
"11511"," sir."," sir."
"11513","I'm happy to be of service.","I'm happy to be of service."
"11518","That tea set looks rather","That tea set looks rather"
"11520","heavy,","heavy,"
"11522"," so without further ado,"," so without further ado,"
"11525","the witness may begin","the witness may begin"
"11527","his testimony.","his testimony."
"11532","Very good,","Very good,"
"11534"," sir!"," sir!"
"11554","―― Miss May's Room Service ――","―― Miss May's Room Service ――"
"11567","I am the head bellboy at the","I am the head bellboy at the"
"11569","fine Gatewater Hotel,","fine Gatewater Hotel,"
"11571"," in "," in "
"11573","business for four generations!","business for four generations!"
"11575","I believe I received a call","I believe I received a call"
"11577","after 8:00 in the evening","after 8:00 in the evening"
"11579","from our guest,","from our guest,"
"11581"," Miss May."," Miss May."
"11583","She asked for an ice coffee","She asked for an ice coffee"
"11585","to be brought to her at","to be brought to her at"
"11587","9:00, on the dot,","9:00, on the dot,"
"11589"," sir."," sir."
"11593","I brought it to her at","I brought it to her at"
"11595","precisely the requested","precisely the requested"
"11597","time,","time,"
"11599"," of course."," of course."
"11601","And I delivered the ice","And I delivered the ice"
"11603","coffee to our guest Miss","coffee to our guest Miss"
"11605","May,","May,"
"11607"," herself."," herself."
"11621","I see.","I see."
"11623"," "," "
"11625","The defense may begin","The defense may begin"
"11627","its cross―examination.","its cross―examination."
"11634","R―","R―"
"11636","right!","right!"
"11639","I'm ready.","I'm ready."
"11643","(I hope...)","(I hope...)"
"11646","(This is it...)","(This is it...)"
"11648","(If I can't prove Miss May","(If I can't prove Miss May"
"11650","was involved with the","was involved with the"
"11652","murder now...)","murder now...)"
"11656","(Maya will be finished!)","(Maya will be finished!)"
"11680","―― Miss May's Room Service ――","―― Miss May's Room Service ――"
"11700","I am the head bellboy at the","I am the head bellboy at the"
"11702","fine Gatewater Hotel, in ","fine Gatewater Hotel, in "
"11704","business for four generations!","business for four generations!"
"11717","I believe I received a call","I believe I received a call"
"11719","after 8:00 in the evening","after 8:00 in the evening"
"11721","from our guest, Miss May.","from our guest, Miss May."
"11734","She asked for an ice coffee","She asked for an ice coffee"
"11736","to be brought to her at","to be brought to her at"
"11738","9:00, on the dot, sir.","9:00, on the dot, sir."
"11751","I brought it to her at","I brought it to her at"
"11753","precisely the requested","precisely the requested"
"11755","time, of course.","time, of course."
"11768","And I delivered the ice","And I delivered the ice"
"11770","coffee to our guest Miss","coffee to our guest Miss"
"11772","May, herself.","May, herself."
"11783","(This bellboy wouldn't","(This bellboy wouldn't"
"11785","have any reason to lie...)","have any reason to lie...)"
"11787","(But I have to find","(But I have to find"
"11789","something to use in","something to use in"
"11791","his testimony!)","his testimony!)"
"11794","(One more time.","(One more time."
"11796"," I'll press him"," I'll press him"
"11798","until he spills the beans...","until he spills the beans..."
"11800","or his tea!)","or his tea!)"
"11820","What exactly is it you","What exactly is it you"
"11822","do at the hotel?","do at the hotel?"
"11831","Why,","Why,"
"11833"," anything required"," anything required"
"11835","of me,","of me,"
"11837"," sir."," sir."
"11839","I check in guests,","I check in guests,"
"11841","I check out guests.","I check out guests."
"11843","I clean rooms,","I clean rooms,"
"11845","I make beds.","I make beds."
"11847","I even deliver room","I even deliver room"
"11849","service, sir.","service, sir."
"11851","I checked Miss May in","I checked Miss May in"
"11853","personally.","personally."
"11863","Are you always","Are you always"
"11865","so...","so..."
"11867"," so prim?"," so prim?"
"11872","Mr. Wright.","Mr. Wright."
"11875","You will refrain from asking","You will refrain from asking"
"11877","frivolous questions...","frivolous questions..."
"11900","Are you sure it was","Are you sure it was"
"11902","Miss May on the phone?","Miss May on the phone?"
"11911","Absolutely,","Absolutely,"
"11913"," sir."," sir."
"11922","H―","H―"
"11925","how can you be so certain!?","how can you be so certain!?"
"11934","I checked Miss May in","I checked Miss May in"
"11936","personally,","personally,"
"11938"," sir."," sir."
"11940","Not only did I see her in","Not only did I see her in"
"11943","all her stunning radiance,","all her stunning radiance,"
"11946","but I also heard her voice.","but I also heard her voice."
"11948","And then I saw THEM,","And then I saw THEM,"
"11951","and I...","and I..."
"11954","Ahem.","Ahem."
"11956"," Er..."," Er..."
"11958"," ahem!"," ahem!"
"11963","The point being,","The point being,"
"11965"," I remembered"," I remembered"
"11967","her quite well,","her quite well,"
"11969"," "," "
"11971","sir.","sir."
"11976","Yes,","Yes,"
"11978"," what then?"," what then?"
"12001","9:00 ""on the dot,""","9:00 ""on the dot,"""
"12003","you say?","you say?"
"12012","Yes.","Yes."
"12014"," I confirmed that"," I confirmed that"
"12016","detail several times.","detail several times."
"12018","She was watching a program","She was watching a program"
"12021","on the TV,","on the TV,"
"12023"," and wished to"," and wished to"
"12025","drink after she finished,","drink after she finished,"
"12027"," sir."," sir."
"12033","(9:00...","(9:00..."
"12035"," the time"," the time"
"12037","of the murder!)","of the murder!)"
"12061","""Precisely"" 9:00,","""Precisely"" 9:00,"
"12063"," then?"," then?"
"12072","Precisely,","Precisely,"
"12074"," exactly,"," exactly,"
"12076"," and"," and"
"12079","most definitely,","most definitely,"
"12081"," sir."," sir."
"12083","9:00 PM.","9:00 PM."
"12092","How can you be so sure!?","How can you be so sure!?"
"12101","Miss May was quite","Miss May was quite"
"12103","insistent that it","insistent that it"
"12105","be brought then.","be brought then."
"12110","""Oh,","""Oh,"
"12112"," bellboy? "," bellboy? "
"12114","Tee hee!","Tee hee!"
"12117","I'd like,","I'd like,"
"12119"," like,"," like,"
"12121"," ice coffee"," ice coffee"
"12123","at exactly 9:00!""","at exactly 9:00!"""
"12125","Something like that,","Something like that,"
"12127"," sir."," sir."
"12129","Therefore, I knocked on","Therefore, I knocked on"
"12131","her door at the crack","her door at the crack"
"12133","of 9:00,","of 9:00,"
"12135"," sir."," sir."
"12141","(Why would she be so","(Why would she be so"
"12143","particular about the time?)","particular about the time?)"
"12167","You are sure it was","You are sure it was"
"12169","Miss April May herself?","Miss April May herself?"
"12181","Ab―","Ab―"
"12183","SO―","SO―"
"12185","lutely,","lutely,"
"12187"," sir."," sir."
"12198","""Ab―","""Ab―"
"12200","SO―","SO―"
"12202","lutely""...?","lutely""...?"
"12212","Yes,","Yes,"
"12214"," sir."," sir."
"12216"," As in,"," As in,"
"12218"," ""so very"," ""so very"
"12220","absolutely,","absolutely,"
"12222",""" sir. It's an",""" sir. It's an"
"12224","endearing mannerism of mine.","endearing mannerism of mine."
"12233","How come you're","How come you're"
"12235","so very certain!?","so very certain!?"
"12244","Well,","Well,"
"12246"," when I brought"," when I brought"
"12248","the room service,","the room service,"
"12250"," sir..."," sir..."
"12258","S―","S―"
"12260","she...","she..."
"12262"," the guest, sir,"," the guest, sir,"
"12265","favored me w―","favored me w―"
"12267","with a,","with a,"
"12269"," um,"," um,"
"12272","an ","an "
"12274","""embrasser,"" sir.","""embrasser,"" sir."
"12286","""Embrasser""!?","""Embrasser""!?"
"12288"," Is that"," Is that"
"12290","French for ""embrace""?","French for ""embrace""?"
"12299","It's French for ""kiss,","It's French for ""kiss,"
"12301",""" sir.",""" sir."
"12304","But not a French kiss,","But not a French kiss,"
"12306"," sir!"," sir!"
"12311","More of a peck on the cheek.","More of a peck on the cheek."
"12320","Wh―","Wh―"
"12323","why would","why would"
"12325"," she"," she"
"12327","have ","have "
"12329","done that...?","done that...?"
"12340","I believe, perhaps,","I believe, perhaps,"
"12342"," she"," she"
"12344","was momentarily swayed by","was momentarily swayed by"
"12346","my prim demeanor,","my prim demeanor,"
"12348"," sir."," sir."
"12350","It was a moment I shall","It was a moment I shall"
"12352","never, ever forget,","never, ever forget,"
"12354"," sir."," sir."
"12360","(Sounds pretty fishy to me...)","(Sounds pretty fishy to me...)"
"12362","(I think our Miss May was up","(I think our Miss May was up"
"12364","to something and wanted the","to something and wanted the"
"12366","bellboy to remember her!)","bellboy to remember her!)"
"12396","...","..."
"12400","It's no good!","It's no good!"
"12404","(There's nothing there!)","(There's nothing there!)"
"12406","(Is...","(Is..."
"12408"," is that it!?)"," is that it!?)"
"12420","Tsk tsk.","Tsk tsk."
"12424","Finally,","Finally,"
"12426"," you understand."," you understand."
"12428","This bellboy has absolutely","This bellboy has absolutely"
"12430","no reason to lie!","no reason to lie!"
"12432","Now...","Now..."
"12435","If you have any decency,","If you have any decency,"
"12437"," you"," you"
"12439","will end this rather tedious","will end this rather tedious"
"12441","cross―examination here!","cross―examination here!"
"12449","Hmm.","Hmm."
"12452"," It was a bit tedious."," It was a bit tedious."
"12454","The witness may leave","The witness may leave"
"12456","the stand.","the stand."
"12464","(I can't let this","(I can't let this"
"12466","happen... can I?)","happen... can I?)"
"12487","(No...!)","(No...!)"
"12489","(If I give up now,","(If I give up now,"
"12491"," "," "
"12493","I lose everything...)","I lose everything...)"
"12497","(If I just give up the case,","(If I just give up the case,"
"12500","I'd be giving up the very","I'd be giving up the very"
"12502","reason I became a lawyer!)","reason I became a lawyer!)"
"12516","W―","W―"
"12518","wait!","wait!"
"12523"," Please wait!"," Please wait!"
"12531","Yes?","Yes?"
"12533"," Does the "," Does the "
"12535","defense have","defense have"
"12537","something to add?","something to add?"
"12542","One ","One "
"12544","last question...","last question..."
"12546"," let me"," let me"
"12548","ask one last question!","ask one last question!"
"12564","Your Honor,","Your Honor,"
"12566"," I must object."," I must object."
"12568","This charade of justice","This charade of justice"
"12570","has gone on long enough!","has gone on long enough!"
"12575","Now,","Now,"
"12577"," now,"," now,"
"12579"," Mr. Edgeworth."," Mr. Edgeworth."
"12581","Alright Mr. Wright.","Alright Mr. Wright."
"12584","I'll give you one more","I'll give you one more"
"12586","question, that's all.","question, that's all."
"12593","(Okay.)","(Okay.)"
"12595","(This is really it,","(This is really it,"
"12597"," now."," now."
"12599","This is my last chance!)","This is my last chance!)"
"12602","(What do I ask him about...!?)","(What do I ask him about...!?)"
"12615","T―","T―"
"12617","tell me about","tell me about"
"12621","check―","check―"
"12623","in!","in!"
"12625","Tell me about when you","Tell me about when you"
"12627","checked―in Miss May.","checked―in Miss May."
"12636","Oh, ","Oh, "
"12638","alright.","alright."
"12641","Very well,","Very well,"
"12643"," sir."," sir."
"12645","My first thought was","My first thought was"
"12647","that she was a beautiful,","that she was a beautiful,"
"12650","beautiful person.","beautiful person."
"12652","She's just my type of girl,","She's just my type of girl,"
"12655","so it was a disappointment,","so it was a disappointment,"
"12658","really.","really."
"12664","I see...","I see..."
"12670","?","?"
"12673","Excuse me...","Excuse me..."
"12675"," what exactly"," what exactly"
"12677","was a ""disappointment""?","was a ""disappointment""?"
"12687","Well,","Well,"
"12689"," I am not without charm,"," I am not without charm,"
"12692","sir,","sir,"
"12694"," but even I'd have little "," but even I'd have little "
"12696","chance with her lover there.","chance with her lover there."
"12702","(...!)","(...!)"
"12705","(","("
"12707","What did he ","What did he "
"12709","say!?)","say!?)"
"12721","What did you say!?","What did you say!?"
"12734","Ah! ","Ah! "
"12737","Oh... er... rather,","Oh... er... rather,"
"12739"," quite!"," quite!"
"12750","Bellboy!","Bellboy!"
"12752"," Tell us the"," Tell us the"
"12754","truth now...","truth now..."
"12765","Did ","Did "
"12767","Miss May ","Miss May "
"12769","check in","check in"
"12773","with another person?","with another person?"
"12784","T―","T―"
"12788","tell me again about","tell me again about"
"12790","er...","er..."
"12792"," room service!"," room service!"
"12801","A―","A―"
"12803","again,","again,"
"12805"," sir?"," sir?"
"12807","At exactly 9:00,","At exactly 9:00,"
"12810","I delivered room service","I delivered room service"
"12812","to Miss May in room 303.","to Miss May in room 303."
"12814","The guest had requested","The guest had requested"
"12816","ice coffee...","ice coffee..."
"12818"," $18 was the"," $18 was the"
"12820","charge, as I recall.","charge, as I recall."
"12825","I see...","I see..."
"12831","...","..."
"12833","?","?"
"12837","E―","E―"
"12839","eighteen dollars?","eighteen dollars?"
"12842","Doesn't that seem a bit","Doesn't that seem a bit"
"12844","expensive?","expensive?"
"12857","Y―","Y―"
"12859","yes,","yes,"
"12861"," well,"," well,"
"12863"," ice coffee"," ice coffee"
"12865","for two,","for two,"
"12867"," you know."," you know."
"12869"," And we"," And we"
"12871","don't skimp on the ice,","don't skimp on the ice,"
"12873"," sir."," sir."
"12879","(...!)","(...!)"
"12882","(","("
"12884","What did he ","What did he "
"12886","say!?)","say!?)"
"12898","What did you say!?","What did you say!?"
"12911","Ah!","Ah!"
"12914"," Oh..."," Oh..."
"12916"," er..."," er..."
"12918"," rather,"," rather,"
"12920"," quite!"," quite!"
"12931","Bellboy!","Bellboy!"
"12933"," Tell us the"," Tell us the"
"12935","truth now...","truth now..."
"12946","Was ","Was "
"12949","someone","someone"
"12951"," else staying"," else staying"
"12953","in ","in "
"12955","Miss May's room?","Miss May's room?"
"12964","Bed...","Bed..."
"12967"," bed making!"," bed making!"
"12970","Tell me about making","Tell me about making"
"12972","beds that day.","beds that day."
"12980","I was wondering what you","I was wondering what you"
"12982","were going to ask,","were going to ask,"
"12984"," but"," but"
"12986","bed making? A new low!","bed making? A new low!"
"12991","Now,","Now,"
"12993"," now,"," now,"
"12995"," Mr. Edgeworth."," Mr. Edgeworth."
"12998","The witness will answer","The witness will answer"
"13000","the defense's question.","the defense's question."
"13007","Yes,","Yes,"
"13009"," well,"," well,"
"13011"," it was quite like"," it was quite like"
"13013","any other day's bed making.","any other day's bed making."
"13015","I changed the sheets,","I changed the sheets,"
"13017"," the"," the"
"13019","pillowcases,","pillowcases,"
"13021"," and then I"," and then I"
"13023","proceeded to make the bed.","proceeded to make the bed."
"13025","I had to bring pillows for","I had to bring pillows for"
"13027","two,","two,"
"13029"," of course,"," of course,"
"13031"," but they're"," but they're"
"13033","quite light,","quite light,"
"13035"," you see."," you see."
"13040","I see.","I see."
"13043","Thank you.","Thank you."
"13046","...","..."
"13053","(Pillows...","(Pillows..."
"13055"," for two!?)"," for two!?)"
"13065","Bellboy!","Bellboy!"
"13067"," What did you"," What did you"
"13069","just say?","just say?"
"13081","Eh!?","Eh!?"
"13084"," Ah,"," Ah,"
"13086"," yes,"," yes,"
"13088"," pillows"," pillows"
"13090","are light...","are light..."
"13092"," sir? "," sir? "
"13101","Bellboy!","Bellboy!"
"13103"," Tell us the"," Tell us the"
"13105","truth now...","truth now..."
"13117","Was ","Was "
"13120","someone else","someone else"
"13122"," staying"," staying"
"13124","in ","in "
"13126","Miss May's room?","Miss May's room?"
"13150","I object!","I object!"
"13152"," "," "
"13156","That was...","That was..."
"13159","objectionable!","objectionable!"
"13164","...","..."
"13168","Objection overruled.","Objection overruled."
"13173","The witness will answer","The witness will answer"
"13175","the question.","the question."
"13180","Er...","Er..."
"13182"," yes,"," yes,"
"13184"," I see."," I see."
"13199","Why did you not mention","Why did you not mention"
"13201","this in your testimony!?","this in your testimony!?"
"13210","W―","W―"
"13213","well,","well,"
"13215"," sir,"," sir,"
"13217"," you er..."," you er..."
"13221","you didn't ask!","you didn't ask!"
"13229","(Nice ","(Nice "
"13231","try!)","try!)"
"13240","That's the sort of thing","That's the sort of thing"
"13245","you're normally supposed","you're normally supposed"
"13247","to mention!","to mention!"
"13256","Ah,","Ah,"
"13258"," yes,"," yes,"
"13260"," "," "
"13262","quite.","quite."
"13265","Indeed...","Indeed..."
"13267","It was the,","It was the,"
"13269"," er,"," er,"
"13271"," good"," good"
"13273","barrister there,","barrister there,"
"13276","Mr. Edgeworth,","Mr. Edgeworth,"
"13278"," who..."," who..."
"13290","!","!"
"13301","He asked me not to mention","He asked me not to mention"
"13303","it if I wasn't specifically","it if I wasn't specifically"
"13305","asked,","asked,"
"13307"," sir."," sir."
"13321","Oof","Oof"
"13323","!","!"
"13333","Y―","Y―"
"13336","you","you"
"13338"," fool"," fool"
"13340","!","!"
"13353","I've done it...","I've done it..."
"13355"," I've won!"," I've won!"
"13369","Miss April May checked into","Miss April May checked into"
"13371","a twin room...","a twin room..."
"13373"," with a man."," with a man."
"13375","Correct?","Correct?"
"13380","Yes,","Yes,"
"13382"," sir."," sir."
"13388","Then,","Then,"
"13390"," when you brought"," when you brought"
"13392","them room service,","them room service,"
"13394","you didn't see that","you didn't see that"
"13396","man in the room...?","man in the room...?"
"13402","That's right,","That's right,"
"13404"," sir."," sir."
"13409","Hmm...","Hmm..."
"13421","Your Honor!","Your Honor!"
"13424","We have just learned of","We have just learned of"
"13426","another person involved who","another person involved who"
"13428","may have been the murderer!","may have been the murderer!"
"13430","In light of this new fact,","In light of this new fact,"
"13433","I hold that it's impossible","I hold that it's impossible"
"13435","to judge the defendant.","to judge the defendant."
"13439","Wouldn't you agree,","Wouldn't you agree,"
"13442","Mr. Edgeworth?","Mr. Edgeworth?"
"13455","And who, Mr. Wright!","And who, Mr. Wright!"
"13459","Who is this ""","Who is this """
"13461","other person""!","other person""!"
"13469","Simple,","Simple,"
"13471"," it was..."," it was..."
"13490","None other than","None other than"
"13492","Miss April May!","Miss April May!"
"13510","Eh!?","Eh!?"
"13512","Have you heard nothing that","Have you heard nothing that"
"13514","has transpired so far!?","has transpired so far!?"
"13517","She has an alibi!","She has an alibi!"
"13519"," She was"," She was"
"13521","in the hotel at the time","in the hotel at the time"
"13523","of the murder!","of the murder!"
"13531","Oh...","Oh..."
"13533"," right."," right."
"13544","Mr. Wright!","Mr. Wright!"
"13549","S―","S―"
"13551","sorry,","sorry,"
"13553"," Your Honor!"," Your Honor!"
"13556","Give me one more chance!","Give me one more chance!"
"13571","It was the bellboy","It was the bellboy"
"13573","and none other!","and none other!"
"13578","Well,","Well,"
"13580"," this comes as"," this comes as"
"13582","some surprise...","some surprise..."
"13587","Your Honor,","Your Honor,"
"13589"," Mr. Wright..."," Mr. Wright..."
"13591","It was the bellboy who","It was the bellboy who"
"13593","confirmed Miss May's","confirmed Miss May's"
"13595","alibi...","alibi..."
"13598","And this in turn confirms","And this in turn confirms"
"13600","the bellboy's alibi!","the bellboy's alibi!"
"13602","He was in the hotel!","He was in the hotel!"
"13608","Well,","Well,"
"13610"," s―"," s―"
"13612","sure...","sure..."
"13615","if you put it that way...","if you put it that way..."
"13621","I do put it that way,","I do put it that way,"
"13624","and I trust you will too!","and I trust you will too!"
"13636","But what if they","But what if they"
"13638","were in cahoots!","were in cahoots!"
"13645","You have evidence of this?","You have evidence of this?"
"13650","Um...","Um..."
"13652"," "," "
"13656","no,","no,"
"13658"," Your Honor."," Your Honor."
"13674","The ","The "
"13676","man who checked","man who checked"
"13678"," in"," in"
"13680","with ","with "
"13682","Miss May!","Miss May!"
"13696","Oof!","Oof!"
"13702","Your Honor!","Your Honor!"
"13704","As has been previously","As has been previously"
"13706","revealed,","revealed,"
"13708"," Miss April May was"," Miss April May was"
"13710","tapping the victim's phone.","tapping the victim's phone."
"13712","Yet Miss May herself has","Yet Miss May herself has"
"13714","an alibi at the time of","an alibi at the time of"
"13716","the murder.","the murder."
"13726","However,","However,"
"13728"," that does not"," that does not"
"13730","clear the man ","clear the man "
"13733","that was","that was"
"13735","with her!","with her!"
"13745","The bellboy saw ","The bellboy saw "
"13747","no one","no one"
"13749","else in the ","else in the "
"13751","room at the","room at the"
"13753","time of the ","time of the "
"13755","murder!!!","murder!!!"
"13766","M―","M―"
"13768","my,","my,"
"13770"," "," "
"13772","what a convenient","what a convenient"
"13774","little setup...","little setup..."
"13776"," "," "
"13778","but it's","but it's"
"13780","too late...","too late..."
"13791","""Too late""?","""Too late""?"
"13793","I suppose you'd like it","I suppose you'd like it"
"13795","if it was too late,","if it was too late,"
"13798","wouldn't you...","wouldn't you..."
"13809","After all,","After all,"
"13813"," it was you who"," it was you who"
"13815","hid the ","hid the "
"13817","presence of the","presence of the"
"13819","other man ","other man "
"13821","from this court!","from this court!"
"13835","O","O"
"13837","of!","of!"
"13845","Upstart...","Upstart..."
"13848"," amateur...!"," amateur...!"
"13850","T―","T―"
"13853","these accusations are...","these accusations are..."
"13856","ludicrous!","ludicrous!"
"13871","Enough!","Enough!"
"13874","The court acknowledges the","The court acknowledges the"
"13876","defense's argument.","defense's argument."
"13878","I expect the prosecution","I expect the prosecution"
"13880","and defense to look into","and defense to look into"
"13882","this matter fully!","this matter fully!"
"13887","Am I understood?","Am I understood?"
"13892","Yes...","Yes..."
"13894"," "," "
"13896","*gasp*","*gasp*"
"13898","Yes,","Yes,"
"13900"," Your Honor."," Your Honor."
"13906","That is all today for the","That is all today for the"
"13908","trial of Maya Fey.","trial of Maya Fey."
"13910","Court is adjourned!","Court is adjourned!"
"13935","September 7, 2:24 PM","September 7, 2:24 PM"
"13937","District Court","District Court"
"13939","Defendant Lobby No. 1","Defendant Lobby No. 1"
"13953","Mr. Wright!","Mr. Wright!"
"13958","You were amazing in there!","You were amazing in there!"
"13962","R―","R―"
"13964","really?","really?"
"13972","I think I might be","I think I might be"
"13976","your newest fan!","your newest fan!"
"13982","Oh,","Oh,"
"13984"," I was just ""doing"," I was just ""doing"
"13986","my job"" you know...","my job"" you know..."
"13988"," heh heh."," heh heh."
"13994","Then again,","Then again,"
"13996"," that other"," that other"
"13998","attorney was pretty","attorney was pretty"
"14000","cool,","cool,"
"14002"," too..."," too..."
"14008","Huh?","Huh?"
"14012","That face of his!","That face of his!"
"14014"," With his"," With his"
"14016","eyes wide, and trembling lips!","eyes wide, and trembling lips!"
"14021","It sent shivers","It sent shivers"
"14023","up my spine!","up my spine!"
"14027","Hmm...","Hmm..."
"14029"," if you say so."," if you say so."
"14033","So,","So,"
"14035"," "," "
"14039","what happens with me?","what happens with me?"
"14041","Do I get to go home now?","Do I get to go home now?"
"14045","Um,","Um,"
"14047"," well..."," well..."
"14053","No, I don't think so.","No, I don't think so."
"14056","Not yet.","Not yet."
"14061","Oh...","Oh..."
"14063"," I see."," I see."
"14067","But I got a great lead","But I got a great lead"
"14069","in today's trial!","in today's trial!"
"14073","A ""lead""?","A ""lead""?"
"14077","That man with Miss May!","That man with Miss May!"
"14080","He's the key!","He's the key!"
"14087","Oh!","Oh!"
"14089"," I get it."," I get it."
"14093","What happened to Miss May","What happened to Miss May"
"14096","after that,","after that,"
"14098"," anyway?"," anyway?"
"14104","I heard they arrested her.","I heard they arrested her."
"14107","I guess she's learning her","I guess she's learning her"
"14109","charms won't work everywhere.","charms won't work everywhere."
"14112","She's probably at the","She's probably at the"
"14115","detention center now.","detention center now."
"14117"," I may"," I may"
"14119","have to go down there later.","have to go down there later."
"14121","Anyway.","Anyway."
"14123","This case is far from closed.","This case is far from closed."
"14129","Yes sir!","Yes sir!"
"14133","I'm going to find out","I'm going to find out"
"14135","more about this man.","more about this man."
"14139","Do you think he was","Do you think he was"
"14141","the one who...?","the one who...?"
"14145","Maybe so.","Maybe so."
"14149","Sis...","Sis..."
"14152","Don't worry, I'll find","Don't worry, I'll find"
"14154","him by tomorrow. I promise.","him by tomorrow. I promise."
"14158","I'm counting on you!","I'm counting on you!"
"14172","I asked for a full record of","I asked for a full record of"
"14174","April May's testimony.","April May's testimony."
"14176","I thought it might come in","I thought it might come in"
"14178","handy during the trial","handy during the trial"
"14180","tomorrow.","tomorrow."
"14182","But now that I have it,","But now that I have it,"
"14185","I'm not so sure.","I'm not so sure."
"14187","Most of her testimony","Most of her testimony"
"14189","was all lies...","was all lies..."
"14191","In fact,","In fact,"
"14193"," there's only one part"," there's only one part"
"14195","that hasn't been stricken from","that hasn't been stricken from"
"14197","the record.","the record."
"14203","May Testimony added","May Testimony added"
"14205","to the Court Record.","to the Court Record."
"14210","I don't know how much","I don't know how much"
"14212","good this will do me","good this will do me"
"14214","at all,","at all,"
"14216"," now."," now."
"14218","Anyway,","Anyway,"
"14220"," time to hit"," time to hit"
"14222","the pavement and do","the pavement and do"
"14224","some investigating!","some investigating!"
"14226","Maya doesn't belong in that","Maya doesn't belong in that"
"14228","detention center,","detention center,"
"14230"," and it's"," and it's"
"14232","up to me to set her free!","up to me to set her free!"
"14247","              To be continued.","              To be continued."
"14274","That's enough!","That's enough!"
"14276","This court sees no reason to","This court sees no reason to"
"14278","further prolong the trial.","further prolong the trial."
"14280","The defense has failed to give","The defense has failed to give"
"14282","the court sufficient reason to","the court sufficient reason to"
"14284","doubt the prosecution's claim!","doubt the prosecution's claim!"
"14287","This court finds the","This court finds the"
"14289","defendant,","defendant,"
"14291"," Ms. Maya Fey..."," Ms. Maya Fey..."
"14300","The accused will surrender","The accused will surrender"
"14302","to the court immediately,","to the court immediately,"
"14304","to be held pending trial at","to be held pending trial at"
"14306","a higher court within a","a higher court within a"
"14308","month from today's date.","month from today's date."
"14310","That is all.","That is all."
"14313","This court is adjourned!","This court is adjourned!"
